"","WELFARECODE","MEDICINENAME1","CNT"
"1","","(NPC-21用)生理食塩液500mL(泌尿･200005)",4
"2","","【005】ﾀﾞﾙﾍﾞﾎﾟｴﾁﾝｱﾙﾌｧ皮下注ｼﾘﾝｼﾞ(180μg/0.5mL)(泌尿・200051)",3
"3","","【012】MK-1308A配合注(MK1308:25mg/MK3475:400mg)(17.5mL)(泌尿・210048)",18
"4","","【012】MK-3475注(100mg/4mL)(2本/箱)(泌尿・210048)",30
"5","","【022】MK-3475静注用溶液(100mg/4mL)(2本/箱)(泌尿・220005)",6
"6","","【10059030】MK-3475(ﾍﾟﾑﾌﾞﾛﾘｽﾞﾏﾌﾞ)注100mg/4mL(2本/箱)(消外・220006)",4
"7","","【101】DS-7300a注100mg(消外･210004)",8
"8","","【2001】Efgartigimod PH20【静注】(400mg/20mL)(神内・200063)",4
"9","","【2002継続】Efgartigimod PH20【皮下注】(180mg/mL)6.5mL(神内・210006)",31
"10","","【221AD305】aducanumab(BIIB037)注(300mg/3mL)(神経･220033)",7
"11","","【641】MK-3475注100mg/4mL(2ﾊﾞｲｱﾙ/箱)(泌尿・190013)",35
"12","","【921】MK-3475注100mg/4mL(2ﾊﾞｲｱﾙ/箱)(泌尿・190014)",94
"13","","【921】ﾄﾞｾﾀｷｾﾙ注80mg/4mL(泌尿・190014)",44
"14","","【991】MK-3475注100mg/4mL(2ﾊﾞｲｱﾙ/箱)(泌尿・190071)",13
"15","","【AHEAD】BAN2401注500mg/5mL(神経・200048)",43
"16","","【ASCENT-03】Sacituzumab Govitecan注200mg(乳外･220042)",30
"17","","【ASCENT-J02】Sacituzumab Govitecan注200mg(泌尿･230042)",25
"18","","【AtTEnd】Atezolizumab注1200mg/20mL(婦人・199001)",547
"19","","【C4391022】ﾌﾙﾍﾞｽﾄﾗﾝﾄ筋注ｼﾘﾝｼﾞ(250mg/5mL)(2本/箱)(乳外･230059)",3
"20","","【CAPItello-292】ﾌﾙﾍﾞｽﾄﾗﾝﾄ注(250mg/5mL)(2本/箱)(乳外･240042)",3
"21","","【DESTINY-PT01】DS-8201a注射用100mg(消外・210003)",4
"22","","【DESTINY-PT02】DS-8201a(T-DXd)注射用100mg(消外･240010)",4
"23","","【Eisai120】E7389ﾘﾎﾟｿｰﾑ製剤(1mg/5mL)注(消外・200049)",6
"24","","【Eisai120】ONO-4538(100mg/10mL)注(消外・200049)",6
"25","","【ET】P1101皮下注ｼﾘﾝｼﾞ(500μg/1ｍL)(血内・200015)",1
"26","","【FLOT】MEDI4736注500mg/10mL(3本/箱)(消外・200040)",14
"27","","【FLOT】ｵｷｻﾘﾌﾟﾗﾁﾝ注200mg/40mL(消外・200040)",8
"28","","【FLOT】ﾄﾞｾﾀｷｾﾙ注80mg/4mL(消外・200040)",8
"29","","【FLOT】ﾌﾙｵﾛｳﾗｼﾙ注1000mg/20mL(消外・200040)",8
"30","","【FLOT】ﾚﾎﾞﾎﾘﾅｰﾄ注100mg(消外・200040)",8
"31","","【frontMIND】Tafasitamab(MOR00208)注200mg(血内･220007)",17
"32","","【HCC】BGB-A317注(100mg/10mL)(消外・9061)",45
"33","","【HERALD】DS-8201a注射用100mg(消外・199011)",41
"34","","【IMbrave152】Tiragolumab注(600mg/10mL)(消内･230043)",21
"35","","【IMbrave152】ｱﾃｿﾞﾘｽﾞﾏﾌﾞ注(1200mg/20mL)(消内･230043)",21
"36","","【IMbrave152】ﾍﾞﾊﾞｼｽﾞﾏﾌﾞ注(400mg/16mL)(消内･230043)",21
"37","","【IV】CNTO1959(ｸﾞｾﾙｸﾏﾌﾞ)注200mg/20mL(消内･230019)",3
"38","","【J-MIND】Tafasitamab注200mg(血内・200058）",109
"39","","【LN】Obinutuzumab静注用(1000mg/40mL)(免疫・210040)",6
"40","","【mCRPC】ﾄﾞｾﾀｷｾﾙ注80mg/8mL(泌尿・200042)",76
"41","","【mCRPC】ﾆﾎﾞﾙﾏﾌﾞ(BMS-936558)注100mg/10mL(泌尿・200042)",108
"42","","【MG0007】rozanolixizumab皮下注(560mg/4mL)(神内・200057)",21
"43","","【MMY3002】Talquetamab皮下注【3mg/1.5mL】(血内･220023)",9
"44","","【MMY3002】Talquetamab皮下注【40mg/1mL】(血内･220023)",68
"45","","【MMY3002】ﾀﾞﾗﾂﾑﾏﾌﾞ皮下注(1800mg/15mL)(血内･220023)",95
"46","","【MO42541】ｱﾃｿﾞﾘｽﾞﾏﾌﾞ注(1200mg/20mL)(消内･220028)",9
"47","","【PsA】Bimekizumab/Placebo皮下注(整外・190026)",4
"48","","【PsA】継続Bimekizumab皮下注ｼﾘﾝｼﾞ(160mg/1mL)(整外・190045)",30
"49","","【PT03】Dato-DXd注(100mg)(消外･220032)",18
"50","","【SC】CNTO1959(ｸﾞｾﾙｸﾏﾌﾞ)皮下注100mg/1mLまたは200mg/2mL(消内･230019)",8
"51","","【SC1】IDEC-C2B8-SC【皮下注】(1400mg/11.7mL)(血内・210021)",38
"52","","【SC1】IDEC-C2B8【点滴静注】(500mg/50mL)(血内・210021)",2
"53","","【Switch】Crovalimab注340mg/2mL(血内・200021)",2
"54","","【TACE】ｱﾃｿﾞﾘｽﾞﾏﾌﾞ注1200mg/20mL(消内・200047)",22
"55","","【TACE】ﾍﾞﾊﾞｼｽﾞﾏﾌﾞ注400mg/16mL(消内・200047)",33
"56","","【UC】MEDI4736注(500mg/10mL)(泌尿・180046)",17
"57","","【UC】tremelimumab注(400mg/20mL)(泌尿・180046)",4
"58","","【UC】ｹﾞﾑｼﾀﾋﾞﾝ注1000mg(泌尿・180046)",23
"59","","【UC】ｼｽﾌﾟﾗﾁﾝ注(100mg/100mL)(泌尿・180046)",12
"60","","【ｽﾃｰｼﾞA】Efgartigimod PH20 SC皮下注【180mg/mL】6.5mL(神内・200023)",3
"61","","【ﾒﾙｸ】Avelumab注200mg/10mL(消外・190009)",40
"62","","【拡大】BIIB067(ﾄﾌｪﾙｾﾝ)髄腔内注(1本/箱)(神内･240101)",2
"63","","【拡大】ONO-4538注100mg/10mL(食道)(消外・190101)",2
"64","","【拡大】ﾗﾅﾃﾞﾙﾏﾌﾞ(TAK743)注ｼﾘﾝｼﾞ(300mg/2mL)(皮膚・200102)",11
"65","","【限】ｴｳﾞｷｰｻﾞ点滴静注液(345mg/2.3mL)(無償提供品)",2
"66","","【限】ｸｱﾙｿﾃﾞｨ髄注(100mg/15mL)(無償提供品)",3
"67","","5-FU注【食道50】1000mg/20mL(消外・9022)",120
"68","","ABBV-154点滴静注用ﾊﾞｲｱﾙ50mg(消内･220001)",1
"69","","ABBV-383(20mg/10mL)注(血内・220002)",33
"70","","belantamab mafodotin(GSK2857916)注100mg(血内・200014)",2
"71","","BIIB067髄腔内注(1本/箱)(神内・190028)",3
"72","","Daratumumab注【07】400mg/20mL(血内・9040)",21
"73","","ERY974希釈液(1mL)(消外･230006)",3
"74","","ERY974注(250μg/1mL)(消外･230006)",3
"75","","Evinacumab注(150mg/mL)2.3mL(循内･229005)",12
"76","","GB-0998注5g/50mL(泌尿・200027)",4
"77","","GEN0101注10,000mNAU【HiDCV】(産婦・U31281)",14
"78","","GEN3013(Epcoritamab)皮下注【48mg/0.8mL】(血内・200043)",5
"79","","GEN3013(Epcoritamab)皮下注【5mg/1mL】(血内・200043)",2
"80","","GEN3013(Epcoritamab)皮下注【60mg/1mL】(血内・200043)",8
"81","","GEN3013希釈液(9mL/本)(血内・200043)",2
"82","","GSK3228836皮下注150mg/1mL(消内・200017)",26
"83","","HM-001膀注用(500μL)(泌尿･229006)",50
"84","","IDEC-C2B8注【T2】500mg/50mL(泌尿・180038)",4
"85","","IMAB362注105mg(消外・180025)",11
"86","","IMAB用5-FU注1000mg/20mL(消外・180025)",32
"87","","IMAB用ﾚﾎﾞﾎﾘﾅｰﾄｶﾙｼｳﾑ注100mg(消外・180025)",16
"88","","JNJ-79635322皮下注(10mg/2mL)(血内･240007)",1
"89","","JNJ-79635322皮下注(50mg/1mL)(血内･240007)",5
"90","","KHK4827皮下注210mg(皮膚・190001)",38
"91","","Lanadelumab皮下注(300mg/2mL)(皮膚・190049)",12
"92","","Lanadelumab皮下注ｼﾘﾝｼﾞ(300mg/2mL)(皮膚・190049)",7
"93","","nemolizumab皮下注ﾊﾞｲｱﾙ(皮膚・200045)",2
"94","","Nipocalimab注(1200mg/6.5mL)(血内･230004)",8
"95","","Nipocalimab注(600mg/20mL)(血内･230004)",12
"96","","NPC-21注40mg/4mL(泌尿･200005)",4
"97","","NT201注（100U/本)(神内・210023)",1
"98","","open期KHK4827皮下注210mg(皮膚・190001)",77
"99","","rozanolixizumab皮下注(560mg/4mL)(神内・190069)",6
"100","","S-005151注射用25mg(皮膚･220021)",10
"101","","S-531011注(400mg/16mL)(消外・210051)",12
"102","","ＴＰＮ－ＨＤ",297
"103","","ＴＰＮ－Ｌa１",36
"104","","ＴＰＮ－Ｌa２",204
"105","","ＴＰＮ－Ｎ１",28
"106","","ＴＰＮ－Ｎ２",787
"107","","ＴＰＮ－Ｐｅ１",250
"108","","ＴＰＮ－Ｐｅ２",1283
"109","","ＴＰＮ－Ｒｎ",553
"110","","ｱﾐﾊﾞﾝﾀﾏﾌﾞ(JNJ-61186372)注350mg/7mL(消外･210016)",23
"111","","ｲﾋﾟﾘﾑﾏﾌﾞ注【結･直腸】200mg/40mL(消外・190055)",4
"112","","インジゴカルミン注１％(5ml)",1
"113","","ｶﾙﾌｨﾙｿﾞﾐﾌﾞ注【07】60mg(血内・9040)",121
"114","","ｶﾙﾌｨﾙｿﾞﾐﾌﾞ注60mg【ARROW2】(血内・190037)",36
"115","","ｼｽﾌﾟﾗﾁﾝ注【食道50】100mg/100mL(消外・9022)",6
"116","","ﾀﾞﾗﾂﾑﾏﾌﾞ静注400mg/20mL(血内・180003)",28
"117","","ﾅﾀﾘｽﾞﾏﾌﾞ(BG00002)皮下注ｼﾘﾝｼﾞ(150mg/1mL)(2本/箱)(神内･210052)",11
"118","","ﾆﾎﾞﾙﾏﾌﾞ/ONO-4538注【食道50】100mg/10mL(消外・9022)",50
"119","","ﾆﾎﾞﾙﾏﾌﾞ注【結･直腸】100mg/10mL(消外・190055)",13
"120","","ﾊﾟﾁｼﾗﾝ-LNP点滴静注10mg/5mL(神内・190020)",28
"121","","ﾍﾟﾑﾌﾞﾛﾘｽﾞﾏﾌﾞ注(100mg/4mL)(2本/箱)(消外・210051)",2
"122","","ﾎｽｾﾝﾋﾞﾋﾞﾝﾄ(OP-724)注(400mg/20mL/本)(消内･230033)",41
"123","","延長用【C】HGT-1110注(39mg/1.3mL)（小児・6048）",1
"124","","延長用HGT-1110注調製ｷｯﾄ（小児・6048）",1
"125","","治験用5%ﾌﾞﾄﾞｳ糖注(50ml)",111
"126","","治験用5%大塚糖液(100ml)",224
"127","","治験用5%大塚糖液(250ml)",32
"128","","治験用ｱｾﾘｵ静注液ﾊﾞｯｸﾞ(1000mg/100mL)",167
"129","","治験用ｱﾛｶﾘｽ点滴静注(235mg/10mL)",4
"130","","治験用ｱﾛｷｼ静注（0.75mg/5ml）",53
"131","","治験用ｵﾝﾀﾞﾝｾﾄﾛﾝ注射液(4mg/2ml)",10
"132","","治験用ｶﾞｽﾀｰ注(20mg/2ml)",150
"133","","治験用ｸﾞﾗﾆｾﾄﾛﾝ点滴静注ﾊﾞｯｸﾞ(3mg/50mL)",32
"134","","治験用ｿﾙ･ﾒﾄﾞﾛｰﾙ静注用【40mg】",6
"135","","治験用ﾀｲﾛｹﾞﾝ筋注用0.9mg(核医・219004)",12
"136","","治験用ﾃﾞｷｻｰﾄ注射液(3.3mg/1ml)(ｴｽﾃﾙ4mg)",142
"137","","治験用ﾃﾞｷｻｰﾄ注射液(6.6mg/2ml)(ｴｽﾃﾙ8mg)",408
"138","","治験用ﾃﾙﾓ生食注(1000ml)",135
"139","","治験用ﾃﾙﾓ生食注(500ml)",80
"140","","治験用ﾊﾟﾛﾉｾﾄﾛﾝ静注（0.75mg/5ml）",103
"141","","治験用ﾌﾟﾚﾄﾞﾆﾝ水溶性注(20mg)",110
"142","","治験用ﾌﾟﾛｲﾒﾝﾄﾞ点滴静注用(150mg)",6
"143","","治験用ﾍﾊﾟﾘﾝNa注(5千単位/5mL)",16
"144","","治験用ﾎﾟﾗﾗﾐﾝ注(5mg/1ml)",365
"145","","治験用ﾗｼｯｸｽ注(20mg/2ml)",12
"146","","治験用大塚生食注(100ml)",733
"147","","治験用大塚生食注(20ml)",70
"148","","治験用大塚生食注(250ml)",1161
"149","","治験用大塚蒸留水(20ml)",372
"150","","治験用注射用水PL(100ml)｢ﾌｿｰ｣",124
"151","","治験用生理食塩液(50ml)",2029
"152","","盲検期【aNS1】IDEC-C2B8注500mg/50mL(腎内･209004)",3
"153","","盲検期KP-100IT髄注用（神内・8902）",13
"154","","純アルコール注(2ml)",23
"155","","継続BIIB067髄腔内注(1本/箱)(神内・190056)",42
"156","","継続Evinacumab注(150mg/mL)15.3mL(循内・190022)",9
"157","","継続Evinacumab注(150mg/mL)8mL(循内・190022)",32
"158","","継続JR-141注10mg(小児・190050)",72
"159","","継続期KP-100IT髄注用（神内・8902）",11
"160","","継続期rozanolixizumab皮下注(560mg/4mL)(神内・200001)",20
"161","","輸液安定化液(IVSS)注(20mL)(血内・220002)",33
"162","","麻薬用５％ブドウ糖注(20ml)",1323
"163","","麻薬用５％大塚糖液(100ml)",46
"164","","麻薬用大塚生食注(100ml)",804
"165","","麻薬用大塚生食注(20ml)",2713
"166","","麻薬用生理食塩液５０ｍｌ",10603
"167","1115400X2023","☆ラボナール注(500mg)",672
"168","1115400X2023","ラボナール注(500mg)",866
"169","1115403D3043","☆イソゾール注(500mg)",86
"170","1115403D3043","イソゾール注(500mg)",137
"171","1119400A3026","(麻)ケタラール静注用（５０ｍｇ／５ｍＬ）",217
"172","1119400A3026","☆ケタラール静注用（５０ｍｇ／５ｍＬ）",84
"173","1119401A1036","☆ドロレプタン注(25mg/10ml)",4
"174","1119401A1036","☆麻薬用ドロレプタン注射液(25mg/10mL)",309
"175","1119401A1036","ドロレプタン注(25mg/10ml)",22
"176","1119401A1036","麻薬用ドロレプタン注射液(25mg/10mL)",556
"177","1119402A1120","☆１％プロポフォール注｢ﾏﾙｲｼ｣(200mg/20mL)",23
"178","1119402A1120","☆プロポフォール静注1%｢ﾏﾙｲｼ｣(200mg/20mL)",533
"179","1119402A1120","プロポフォール静注1%｢ﾏﾙｲｼ｣(200mg/20mL)",1017
"180","1119402A2150","☆1%プロポフォール注｢ﾏﾙｲｼ｣(500mg/50mL)",7
"181","1119402A2150","☆プロポフォール静注1%｢ﾏﾙｲｼ｣(500mg/50mL)",44
"182","1119402A2150","プロポフォール静注1%｢ﾏﾙｲｼ｣(500mg/50mL)",1
"183","1119402A3106","☆1%プロポフォール注｢ﾏﾙｲｼ｣(1000mg/100mL)",93
"184","1119402A3106","☆ﾌﾟﾛﾎﾟﾌｫｰﾙ静注1%｢ﾏﾙｲｼ｣(1000mg/100mL)",2
"185","1119402A3106","☆プロポフォール静注1%ﾏﾙｲｼ(1000mg/100mL)",1625
"186","1119402A3106","プロポフォール静注1%ﾏﾙｲｼ(1000mg/100mL)",3361
"187","1119402G1025","☆ディプリバン注キット１％(200mg/20ml)",11
"188","1119402G1025","ディプリバン注キット１％(200mg/20ml)",36
"189","1119402G2021","☆ディプリバン注キット１％(500mg/50ml)",606
"190","1119402G2021","ディプリバン注キット１％(500mg/50ml)",1236
"191","1124400A1058","(向)サイレース静注(2mg/1ml)",29
"192","1124400A1058","☆サイレース静注(2mg/1ml)",36
"193","1124401A1060","(向)ミダゾラム注「サンド」(10mg/2mL)",3422
"194","1124401A1060","【ICU･NICU限定】(向)ミダゾラム注「サンド」(10mg/2mL)",16
"195","1124401A1060","【NICU限定】(向)ミダゾラム注「サンド」(10mg/2mL)",14
"196","1124401A1060","☆ミダゾラム注「サンド」(10mg/2mL)",2509
"197","1124401A1095","(向)ミダゾラム注射液(10mg/2mL)「NIG」",536
"198","1124402A2053","(向)セルシン注(10mg/2ml)",389
"199","1124402A2053","☆セルシン注(10mg/2ml)",281
"200","1124402A2070","(向)ジアゼパム注射液(10mg/2mL)｢NIG｣",2
"201","1125402A1054","(向)フェノバール注(100mg/1ml)",19
"202","1129400A1038","☆プレセデックス静注(200μg/2ml)",251
"203","1129400A1054","☆プレセデックス静注液(200μg/2mL)ﾌｧｲｻﾞｰ",724
"204","1129400A1054","プレセデックス静注液(200μg/2mL)ﾌｧｲｻﾞｰ",1518
"205","1129400G1022","☆ﾌﾟﾚｾﾃﾞｯｸｽ静注液ｼﾘﾝｼﾞ(200μg/50mL)ﾌｧｲｻﾞｰ",1071
"206","1129400G1022","ﾌﾟﾚｾﾃﾞｯｸｽ静注液ｼﾘﾝｼﾞ(200μg/50mL)ﾌｧｲｻﾞｰ",3358
"207","1129400G1030","☆プレセデックス静注液ｼﾘﾝｼﾞ(200μg/50mL)",515
"208","1132400A1033","アレビアチン注(250mg/5ml)",4
"209","1132401A1020","☆ホストイン静注(750mg/10mL)",141
"210","1132401A1020","ホストイン静注(750mg/10mL)",135
"211","1139400F1023","(向)ノーベルバール静注用（２５０ｍｇ）",28
"212","1139400F1023","☆ノーベルバール静注用（２５０ｍｇ）",140
"213","1139401A1020","(向)ミダフレッサ静注0.1％(10mg/10mL)",5
"214","1139401A1020","☆ミダフレッサ静注0.1％(10mg/10mL)",5
"215","1139402A1025","☆イーケプラ点滴静注(500mg/5mL)",437
"216","1139402A1025","イーケプラ点滴静注(500mg/5mL)",1345
"217","1139404A1024","☆ビムパット点滴静注(200mg/20mL)",15
"218","1139404A2020","☆ビムパット点滴静注(100mg/10mL)",89
"219","1139404A2020","ビムパット点滴静注(100mg/10mL)",229
"220","1139405D1025","【限】フィコンパ点滴静注用２ｍｇ",1
"221","1139405D1025","フィコンパ点滴静注用２ｍｇ",3
"222","1141400A2020","アセリオ静注液(１０００ｍｇ／１００ｍＬ)",22512
"223","1149401A1027","(向)ソセゴン注射液(15mg/1mL)【AD】",1443
"224","1149401A1027","☆ソセゴン注射液(15mg/1mL)【AD】",1131
"225","1149403A1050","(向)レペタン注(0.2mg/1ml)【AD】",310
"226","1149403A1050","☆レペタン注(0.2mg/1ml)【AD】",197
"227","1149407A1040","ロピオン静注(50mg/5ml)",8762
"228","1149503G1027","ネオビタカイン注シリンジ５ｍＬ",3
"229","1149601A2062","ノイロトロピン注（３．６Ｕ／３ｍｌ）",2
"230","1162400A1059","アキネトン注(5mg/1ml)",4
"231","1164400A2041","ドパストン静注(50mg/20ml)",191
"232","1169400G1028","アポカイン皮下注（３０ｍｇ／３ｍＬ）",1
"233","1169500A1023","【限】ｳﾞｨｱﾚﾌﾞ配合持続皮下注(10mL/V)",12
"234","1169500A1023","ｳﾞｨｱﾚﾌﾞ配合持続皮下注(10mL/V)",111
"235","1179401A1026","☆アタラックスＰ注(25mg/1ml)",1675
"236","1179401A1026","アタラックスＰ注(25mg/1ml)",3044
"237","1179404A1070","☆セレネース注(5mg/1ml)",481
"238","1179404A1070","セレネース注(5mg/1ml)",1669
"239","1179408E1020","☆ジプレキサ筋注用（１０ｍｇ）",9
"240","1179408E1020","ジプレキサ筋注用（１０ｍｇ）",15
"241","1179409G4024","【限】ｾﾞﾌﾟﾘｵﾝ水懸筋注ｼﾘﾝｼﾞ(100mg/1mL)",37
"242","1179409G4024","☆【限】ｾﾞﾌﾟﾘｵﾝ水懸筋注ｼﾘﾝｼﾞ(100mg/1mL)",22
"243","1179409G5020","【限】ｾﾞﾌﾟﾘｵﾝ水懸筋注ｼﾘﾝｼﾞ150mg/1.5mL",41
"244","1179409G5020","☆【限】ｾﾞﾌﾟﾘｵﾝ水懸筋注ｼﾘﾝｼﾞ150mg/1.5mL",28
"245","1179410G1028","【限】ｴﾋﾞﾘﾌｧｲ持続性水懸筋注用ｼﾘﾝｼﾞ(300mg)",8
"246","1179410G2024","【限】ｴﾋﾞﾘﾌｧｲ持続性水懸筋注用ｼﾘﾝｼﾞ(400mg)",13
"247","1190401G1026","ラジカット点滴静注バッグ(30mg/100mL)",78
"248","1190401G1069","ｴﾀﾞﾗﾎﾞﾝ点滴静注液ﾊﾞｯｸﾞ(30mg/100mL)｢NP｣",56
"249","1190401G1115","ｴﾀﾞﾗﾎﾞﾝ点滴静注液ﾊﾞｯｸﾞ日医工(30mg/100mL)",347
"250","1190402A1028","タイサブリ点滴静注３００ｍｇ",201
"251","1190403A1022","【限】スピンラザ髄注（１２ｍｇ／５ｍＬ）",37
"252","1190404G2026","エムガルティ皮下注ｵｰﾄｲﾝｼﾞｪｸﾀｰ(120mg/1mL)",25
"253","1190405G1024","【限】ケシンプタ皮下注ペン(20mg/0.4mL)",4
"254","1190405G1024","ケシンプタ皮下注ペン(20mg/0.4mL)",185
"255","1190406G1029","アイモビーグ皮下注ペン(70mg/1mL)",14
"256","1190407G1023","アジョビ皮下注シリンジ(225mg/1.5mL)",5
"257","1190407G2020","アジョビ皮下注ｵｰﾄｲﾝｼﾞｪｸﾀｰ(225mg/1.5mL)",38
"258","1190408A1025","レケンビ点滴静注(200mg/2mL)",83
"259","1190408A2021","レケンビ点滴静注(500mg/5mL)",25
"260","1190411A1027","【限】クアルソディ髄注(100mg/15mL)",1
"261","1211401A6086","プロカニン注１％(５ｍｌ)",974
"262","1214400A2029","１％キシロカインＥ注(20ml)",134
"263","1214400A9058","キシロカイン注ﾎﾟﾘｱﾝﾌﾟ2%(5mL/本)(局麻用)",317
"264","1214400G2021","【部署限定】ｷｼﾛｶｲﾝ注ｼﾘﾝｼﾞ1%(100mg/10mL)(ISO80369-6相互接続防止)",356
"265","1214400G2021","キシロカイン注シリンジ１％(100mg/10ml)",2830
"266","1214400H1055","キシロカイン注ﾎﾟﾘｱﾝﾌﾟ2%(10mL/本)(局麻用)",4
"267","1214401A2023","キシロカイン０．５％筋注用溶解液(3ml)",150
"268","1214401A5022","☆２％キシロカイン静注(5mL)(抗不整脈剤)",381
"269","1214401A5022","２％キシロカイン静注(5mL)(抗不整脈剤)",300
"270","1214403A4025","マーカイン注脊麻用０．５％・高比重４ｍｌ",46
"271","1214403A5021","マーカイン注脊麻用０．５％等比重４ｍｌ",172
"272","1214405A4024","アナペイン注７．５ｍｇ／ｍｌ・２０ｍｌ",551
"273","1214405A4032","ﾛﾋﾟﾊﾞｶｲﾝ塩酸塩0.75%注150mg/20mL｢ﾃﾙﾓ｣",6
"274","1214407G1027","ポプスカイン0.25％注シリンジ(25mg/10mL)",3
"275","1214407G3020","ポプスカイン０.２５%注ﾊﾞｯｸﾞ(250mg/100ml)",1259
"276","1214407G3020","麻薬用ﾎﾟﾌﾟｽｶｲﾝ0.25%注ﾊﾞｯｸﾞ(250mg/100mL)",49
"277","1224400A3056","（毒）スキサメトニウム注(100mg/5ml)",2
"278","1224400A3056","☆（毒）スキサメトニウム注(100mg/5ml)",2
"279","1229402D1039","ダントリウム静注用(20mg)",1
"280","1229403F1050","☆（毒）ベクロニウム静注用（４ｍｇ）｢Ｆ｣",4
"281","1229404D1020","（毒）ボトックス注用（５０単位）",120
"282","1229404D1020","☆（毒）ボトックス注用（５０単位）",69
"283","1229404D2026","（毒）ボトックス注用（１００単位）",9
"284","1229404D2026","☆（毒）ボトックス注用（１００単位）",14
"285","1229405A2024","（毒）エスラックス静注(50mg/5ml)",739
"286","1229405A2024","☆（毒）エスラックス静注(50mg/5ml)",395
"287","1232400X1031","オビソート注(100mg)",71
"288","1242401A1331","ﾌﾞﾁﾙｽｺﾎﾟﾗﾐﾝ臭化物注｢日医工｣(20mg/1mL)",256
"289","1242401A1382","ﾌﾞﾁﾙｽｺﾎﾟﾗﾐﾝ臭化物注射液(20mg/1mL)｢ﾀｶﾀ｣",21
"290","1242401G1032","ブチルスコポラミン注シリンジ(20mg/1mL)",1
"291","1242405A1089","アトロピン硫酸塩注｢タナベ｣(0.5mg/1mL)",668
"292","1242405A1089","アトロピン硫酸塩注｢ニプロ｣(0.5mg/1mL)",37
"293","1242406G1035","アトロピン注0.05%シリンジ(0.5mg/1ml)",110
"294","1244400A1030","マグネゾール静注(20ml)",3
"295","1244401A1069","【Ｍｇ】硫酸Ｍｇ補正液(20mEq/20ml)",10898
"296","1249401A1022","ギャバロン髄注0.005%(0.05mg/1ml)",10
"297","1249401A2029","ギャバロン髄注0.05%(10mg/20ml)",123
"298","1249401A3025","ギャバロン髄注0.2%(10mg/5ml)",165
"299","1290400A1024","【限】オンパットロ点滴静注(8.8mg/4.4mL)",78
"300","1290401G1021","【限】ｱﾑｳﾞﾄﾗ皮下注ｼﾘﾝｼﾞ(25mg/0.5mL)",24
"301","1290401G1021","ｱﾑｳﾞﾄﾗ皮下注ｼﾘﾝｼﾞ(25mg/0.5mL)",18
"302","1319401F1026","ビスダイン静注用（１５ｍｇ）",9
"303","1319403G1020","ﾙｾﾝﾃｨｽ硝子体内注射用キット10mg/mL",82
"304","1319404D1037","マキュエイド眼注用40mg",236
"305","1319405A1027","アイリーア硝子体内注射液(40mg/mL)",318
"306","1319405A2023","アイリーア8mg硝子体内注射液(114.3mg/mL)",105
"307","1319405G1020","アイリーア硝子体内注射用キット(40mg/mL)",2245
"308","1319406G1024","ベオビュ硝子体内注射用キット(120mg/mL)",110
"309","1319407G1029","ラニビズマブBS硝子体内注射用ｷｯﾄ(10mg/mL)｢ｾﾝｼﾞｭ｣",12
"310","1319408A1020","【限】バビースモ硝子体内注射液(120mg/mL)",3
"311","1319408A1020","バビースモ硝子体内注射液(120mg/mL)",200
"312","2113400A1032","☆ジゴシン注(0.25mg/1ml)",273
"313","2113400A1032","ジゴシン注(0.25mg/1ml)",446
"314","2115400A1193","☆ネオフィリン注(250mg/10ml)",24
"315","2115400A1193","ネオフィリン注(250mg/10ml)",63
"316","2115405A1021","レスピア静注（６０ｍｇ／３ｍＬ）",138
"317","2119400A1036","☆プロタノールＬ注(0.2mg/1ml)【AD】",6
"318","2119400A1036","プロタノールＬ注(0.2mg/1ml)【AD】",18
"319","2119401A1057","☆エホチール注(10mg/1ml)【AD】",30
"320","2119401A1057","エホチール注(10mg/1ml)【AD】",57
"321","2119402A1299","☆イノバン注(100mg/5ml)【AD】",86
"322","2119402A1299","イノバン注(100mg/5ml)【AD】",346
"323","2119402P4037","☆イノバン注ｼﾘﾝｼﾞ0.3%(150mg/50ml)【AD】",1642
"324","2119402P4037","イノバン注ｼﾘﾝｼﾞ0.3%(150mg/50ml)【AD】",2147
"325","2119404A1182","ﾄﾞﾌﾞﾀﾐﾝ塩酸塩点滴静注液(100mg/5mL)｢ｻﾜｲ｣",89
"326","2119404A1212","【ICU･NICU限定】ドブタミン点滴静注液「Ｆ」(100mg/5mL)",50
"327","2119404A1212","☆ドブタミン点滴静注液「Ｆ」(100mg/5mL)",2069
"328","2119404A1212","ドブタミン点滴静注液「Ｆ」(100mg/5mL)",2683
"329","2119404G6055","☆ﾄﾞﾌﾞﾀﾐﾝ持続静注ｼﾘﾝｼﾞ｢KKC｣(150mg/50mL)",1892
"330","2119404G6055","☆ドブポン注ｼﾘﾝｼﾞ0.3%(150mg/50ml)",2305
"331","2119404G6055","ﾄﾞﾌﾞﾀﾐﾝ持続静注ｼﾘﾝｼﾞ｢KKC｣(150mg/50mL)",6693
"332","2119404G6055","ﾄﾞﾌﾞﾀﾐﾝ持続静注ｼﾘﾝｼﾞ｢ﾃﾙﾓ｣(150mg/50mL)",862
"333","2119407A1020","☆コアテック注(5mg/5ml)",7
"334","2119407A1020","コアテック注(5mg/5ml)",47
"335","2119408A1040","☆ミルリノン注｢タカタ｣(10mg/10mL)",3716
"336","2119408A1040","ミルリノン注｢タカタ｣(10mg/10mL)",4628
"337","2121400A2030","☆アミサリン注(200mg/2ml)",26
"338","2121400A2030","アミサリン注(200mg/2ml)",78
"339","2123404D1033","☆オノアクト点滴静注用５０ｍｇ【AD】",336
"340","2123404D1033","オノアクト点滴静注用５０ｍｇ【AD】",843
"341","2123404D3028","【ICU限定】オノアクト点滴静注用(150mg)【AD】",19
"342","2123404D3028","☆オノアクト点滴静注用(150mg)【AD】",39
"343","2123404D3028","オノアクト点滴静注用(150mg)【AD】",38
"344","2129402A1040","☆ワソラン静注(5mg/2ml)",90
"345","2129402A1040","ワソラン静注(5mg/2ml)",179
"346","2129405A1035","☆シベノール静注(70mg/5ml)",16
"347","2129405A1035","シベノール静注(70mg/5ml)",8
"348","2129407D1030","☆シンビット静注用(50mg)",33
"349","2129407D1030","シンビット静注用(50mg)",232
"350","2129408A1020","☆サンリズム注５０ｍｇ",46
"351","2129408A1020","サンリズム注５０ｍｇ",108
"352","2129409G1036","☆リドカイン静注２％シリンジ(100mg/5ml)",17
"353","2129409G1036","リドカイン静注２％シリンジ(100mg/5ml)",15
"354","2129410A1036","☆アミオダロン塩酸塩静注(150mg/3mL)｢TE｣",164
"355","2129410A1036","アミオダロン塩酸塩静注(150mg/3mL)｢TE｣",503
"356","2133400D1082","ソルダクトン静注用(100mg)【AD】",27
"357","2133400D2097","【NICU限定】ｿﾙﾀﾞｸﾄﾝ静注用(200mg)【AD】",1
"358","2133400D2097","ソルダクトン静注用(200mg)【AD】",473
"359","2134400D1039","ダイアモックス注(500mg)【AD】",1023
"360","2139401A1033","ラシックス注(100mg/10ml)【AD】",5780
"361","2139401A2137","ラシックス注(20mg/2ml)【AD】",16942
"362","2139403D1020","【限】サムタス点滴静注用８ｍｇ【ＡＤ】",3
"363","2139403D1020","サムタス点滴静注用８ｍｇ【ＡＤ】",492
"364","2149400A1132","☆ﾆｶﾙｼﾞﾋﾟﾝ塩酸塩注射液(2mg/2mL)｢ｻﾜｲ｣",139
"365","2149400A1132","ﾆｶﾙｼﾞﾋﾟﾝ塩酸塩注射液(2mg/2mL)｢ｻﾜｲ｣",136
"366","2149400A2155","☆ﾆｶﾙｼﾞﾋﾟﾝ塩酸塩注射液(10mg/10mL)｢ｻﾜｲ｣",2180
"367","2149400A2155","ﾆｶﾙｼﾞﾋﾟﾝ塩酸塩注射液(10mg/10mL)｢ｻﾜｲ｣",3447
"368","2160400A1032","☆ネオシネジンコーワ注１ｍｇ",91
"369","2160400A1032","ネオシネジンコーワ注１ｍｇ",213
"370","2171403G1024","☆ニトログリセリン注シリンジ(25mg/50mL)",195
"371","2171403G1024","ニトログリセリン注シリンジ(25mg/50mL)",279
"372","2171404G2025","☆ニトロール持続静注ｼﾘﾝｼﾞ(25mg/50ml)",99
"373","2171404G2025","ニトロール持続静注ｼﾘﾝｼﾞ(25mg/50ml)",96
"374","2171405D5065","☆ジルチアゼム塩酸塩注射用｢ｻﾜｲ｣(50mg)",50
"375","2171405D5065","ジルチアゼム塩酸塩注射用｢ｻﾜｲ｣(50mg)",77
"376","2171406D3024","【ICU限定】シグマート注（４８ｍｇ）",1
"377","2171406D3024","シグマート注（４８ｍｇ）",1
"378","2171406D3032","【ICU限定】ニコランジル点滴静注用(48mg)｢ｻﾜｲ｣",13
"379","2171406D3032","☆ニコランジル点滴静注用(48mg)｢ｻﾜｲ｣",176
"380","2171406D3032","ニコランジル点滴静注用(48mg)｢ｻﾜｲ｣",359
"381","2179400D1022","☆ハンプ注(1000μg)",1091
"382","2179400D1022","ハンプ注(1000μg)",1634
"383","2189401G2026","レパーサ皮下注ペン(140mg/1mL)",13
"384","2189401G3022","レパーサ皮下注ｵｰﾄﾐﾆﾄﾞｰｻﾞｰ(420mg/3.5mL)",29
"385","2189402G3027","プラルエント皮下注ペン(75mg/1mL)",1
"386","2189403G1029","レクビオ皮下注シリンジ(300mg/1.5mL)",16
"387","2189404A1020","【限】ｴｳﾞｷｰｻﾞ点滴静注液(345mg/2.3mL)",13
"388","2190400A3077","20％マンニットール注射液(300mL)【AD】",163
"389","2190402D2106","ｱﾙﾌﾟﾛｽﾀｼﾞﾙｱﾙﾌｧﾃﾞｸｽ注（５００μｇ）｢ﾀｶﾀ｣",188
"390","2190402D3064","【限】プロスタンディン注(20μg)",34
"391","2190402D3080","ｱﾙﾌﾟﾛｽﾀｼﾞﾙｱﾙﾌｧﾃﾞｸｽ注（２０μｇ）｢ﾀｶﾀ｣",90
"392","2190406A1110","ｱﾙﾌﾟﾛｽﾀｼﾞﾙ注｢ｻﾜｲ｣(5μg/1mL)(先発:ﾊﾟﾙｸｽ)",77
"393","2190406A2051","パルクス注(10μg/2ml)",1368
"394","2190406A2116","ｱﾙﾌﾟﾛｽﾀｼﾞﾙ注｢ｻﾜｲ｣(10μg/2mL)(先発:ﾊﾟﾙｸｽ)",577
"395","2190408A2034","ノバスタンＨＩ注(10mg/2ml)",637
"396","2190413F2024","☆フローラン静注用（０．５ｍｇ）",14
"397","2190413F2024","フローラン静注用（０．５ｍｇ）",4
"398","2190413F2075","☆ｴﾎﾟﾌﾟﾛｽﾃﾉｰﾙ静注用｢ﾔﾝｾﾝ｣(0.5mg)",89
"399","2190413F2075","ｴﾎﾟﾌﾟﾛｽﾃﾉｰﾙ静注用｢ﾔﾝｾﾝ｣(0.5mg)",66
"400","2190413F3020","【限】フローラン静注用（１．５ｍｇ）",47
"401","2190413F3020","☆【限】フローラン静注用（１．５ｍｇ）",604
"402","2190413F3020","☆フローラン静注用（１．５ｍｇ）",248
"403","2190413F3071","☆ｴﾎﾟﾌﾟﾛｽﾃﾉｰﾙ静注用｢ACT｣(1.5mg)",10
"404","2190413F3071","☆ｴﾎﾟﾌﾟﾛｽﾃﾉｰﾙ静注用｢ﾔﾝｾﾝ｣(1.5mg)",10
"405","2190413F3071","ｴﾎﾟﾌﾟﾛｽﾃﾉｰﾙ静注用｢ﾔﾝｾﾝ｣(1.5mg)",52
"406","2190414A1033","エリル点滴静注(30mg/2ml)",239
"407","2190415A1020","フローラン専用溶解液５０ｍｌ",910
"408","2190417A1029","イブリーフ静注(20mg/2mL)",1
"409","2190418A1023","【限】ピヴラッツ点滴静注液(150mg/6mL)",21
"410","2190418A1023","ピヴラッツ点滴静注液(150mg/6mL)",23
"411","2190501A4106","グリセリン・果糖配合点滴静注(200mL)｢HK｣",2268
"412","2219402A1049","ナロキソン塩酸塩静注(0.2mg/1ml)",97
"413","2219403A1035","フルマゼニル注射液｢F｣(0.5mg/5mL)",122
"414","2219403G1020","ﾌﾙﾏｾﾞﾆﾙ静注ｼﾘﾝｼﾞ(0.5mg/5mL)｢ﾃﾙﾓ｣",138
"415","2221400A2060","塩酸エフェドリン注(40mg/1ml)【AD】",86
"416","2234400A1054","ﾌﾞﾛﾑﾍｷｼﾝ塩酸塩注射液(4mg/2mL)｢ﾀｲﾖｰ｣",179
"417","2234400A1062","【ICU限定】ビソルボン注(4mg/2ml)",6
"418","2234400A1062","ビソルボン注(4mg/2ml)",474
"419","2290400G2028","ゾレア皮下注シリンジ(150mg/1mL)",61
"420","2290400G5027","【限】ゾレア皮下注ペン(300mg/2mL)",5
"421","2290401D1020","ヌーカラ皮下注用（１００ｍｇ）",6
"422","2290401G2022","ヌーカラ皮下注ペン(100mg/1mL)",170
"423","2290402G1020","ファセンラ皮下注シリンジ(30mg/1mL)",56
"424","2290403G1025","【限】ﾃｾﾞｽﾊﾟｲｱ皮下注ｼﾘﾝｼﾞ(210mg/1.91mL)",3
"425","2290403G1025","ﾃｾﾞｽﾊﾟｲｱ皮下注ｼﾘﾝｼﾞ(210mg/1.91mL)",14
"426","2290403G2021","ﾃｾﾞｽﾊﾟｲｱ皮下注ﾍﾟﾝ(210mg/1.91mL)",13
"427","2325401A2027","ガスター注(20mg/2ml)",16437
"428","2329403D1068","オメプラゾール注射用｢日医工｣(20mg)",6126
"429","2329404F1020","タケプロン静注用（３０ｍｇ）",14228
"430","2391400G3027","グラニセトロン静注液ｼﾘﾝｼﾞ(1mg/1mL)｢NK｣",1331
"431","2391400G3035","グラニセトロン静注液ｼﾘﾝｼﾞ(1mg/1mL)｢ｻﾜｲ｣",391
"432","2391400G4031","グラニセトロン点滴静注ﾊﾞｯｸﾞ(3mg/50mL)｢HK｣",10862
"433","2391400G4058","グラニセトロン点滴静注ﾊﾞｯｸﾞ(3mg/50mL)｢NK｣",1182
"434","2391401A1034","オンダンセトロン注射液｢F｣(4mg/2mL)",125
"435","2391401G1045","オンダンセトロン注ｼﾘﾝｼﾞ(4mg/2mL)｢ﾏﾙｲｼ｣",131
"436","2391403A1033","ﾗﾓｾﾄﾛﾝ塩酸塩注射液｢EMEC｣(0.3mg/2mL)",214
"437","2391404A1020","アロキシ静注（0.75mg/5ml）",4347
"438","2391404A1038","パロノセトロン静注(0.75mg/5mL)「ﾀｲﾎｳ」",6866
"439","2391405D1020","プロイメンド点滴静注用１５０ｍｇ",1081
"440","2391406A1029","アロカリス点滴静注(235mg/10mL)",458
"441","2399401A1083","プリンペラン注(10mg/2ml)",8124
"442","2399402F1026","レミケード点滴静注用（１００ｍｇ）",815
"443","2399403F1039","ｲﾝﾌﾘｷｼﾏﾌﾞBS点滴静注用100mg｢NK｣",106
"444","2399405F1020","エンタイビオ点滴静注用（３００ｍｇ）",245
"445","2399405G2021","【限】エンタイビオ皮下注ﾍﾟﾝ(108mg/0.68mL)",1
"446","2399407A1021","【限】オンボー点滴静注（300mg/15mL）",18
"447","2399407G2020","【限】ｵﾝﾎﾞｰ皮下注ｵｰﾄｲﾝｼﾞｪｸﾀｰ(100mg/1mL)",17
"448","2411400D1022","コートロシン注射用(0.25mg)【AD】",5
"449","2411400D1022","コートロシン注射用(0.25mg/2ml)【AD】",3
"450","2411400D2029","コートロシン注射用(0.25mg)【AD】",136
"451","2411401A2035","コートロシンＺ筋注(0.5mg/1mL)【AD】",21
"452","2411401A3023","コートロシンＺ筋注(0.5mg/1mL)【AD】",13
"453","2412402P6027","(持参)ノルディトロピンﾌﾚｯｸｽﾌﾟﾛ注5mg【AD",7
"454","2412402P7023","(持参)ノルディトロピンﾌﾚｯｸｽﾌﾟﾛ注10mg【AD",14
"455","2412402P7023","ﾉﾙﾃﾞｨﾄﾛﾋﾟﾝﾌﾚｯｸｽﾌﾟﾛ注１０ｍｇ【AD】",19
"456","2413400D2082","ＨＭＧ注射用１５０ＩＵ「フェリング」",660
"457","2413400D4077","ＨＭＧ注テイゾー(150単位/2mL)",44
"458","2413400D4123","ＨＭＧ注射用１５０単位「Ｆ」",275
"459","2413400D4123","ＨＭＧ筋注用１５０単位「Ｆ」",237
"460","2413402X4137","【アンプル】ゴナトロピン注用(5000単位)【AD】",14
"461","2413402X4137","ゴナトロピン注用（５０００単位）【AD】",71
"462","2413402X8027","【バイアル】ゴナトロピン注用(5000単位)【AD】",11
"463","2413402X8027","ゴナトロピン注用(5000単位)【AD】",26
"464","2413403A1067","ｕＦＳＨ注用７５単位「あすか」",69
"465","2413403A1067","ゴナピュール注用（７５単位）",5
"466","2413403D2027","ｕＦＳＨ注用７５単位「あすか」",9
"467","2413404D2021","ゴナールエフ皮下注用１５０単位",3
"468","2414400A2083","オキシトシン注射液５単位「Ｆ」（１ｍＬ）",2636
"469","2414402A1035","ピトレシン注(20U/1ml)",611
"470","2419400A1032","デスモプレシン注(4μg/1mL)【AD】",3
"471","2419400A1032","デスモプレシン静注(4μg/1mL)【AD】",3
"472","2431400A1029","チラーヂンＳ静注液(200μg/1mL)",419
"473","2439400G1020","(持参)フォルテオ皮下注ｷｯﾄ(600μg/2.4mL)",139
"474","2439400G1020","フォルテオ皮下注ｷｯﾄ(600μg/2.4mL)",327
"475","2439401G1024","テリボン皮下注28.2μgｵｰﾄｲﾝｼﾞｪｸﾀｰ",162
"476","2451400A1030","☆ボスミン注(1mg/1ml)【AD】",214
"477","2451400A1030","ボスミン注(1mg/1ml)【AD】",479
"478","2451401A1034","☆ノルアドリナリン注(1mg/1ml)【AD】",941
"479","2451401A1034","ノルアドリナリン注(1mg/1ml)【AD】",3442
"480","2451402G1040","☆アドレナリン注0.1％ｼﾘﾝｼﾞ(1mg/1ml)【AD",25
"481","2451402G1040","アドレナリン注0.1％ｼﾘﾝｼﾞ(1mg/1ml)【AD",41
"482","2452400D1084","ソル・コーテフ注射用(100mg)【AD】",6893
"483","2452400D6060","ソル・コーテフ静注用(500mg/4ml)【AD】",194
"484","2452402A2040","水溶性ハイドロコートン注(100mg/2ml)【AD",1871
"485","2454402A3033","ｹﾅｺﾙﾄ-A筋･関節腔内用水懸注(40mg/1ml)AD",802
"486","2454404A1064","リンデロン注（２ｍｇ／０．５ｍｌ）【AD】",3169
"487","2454404A2060","リンデロン注（４ｍｇ／１ｍｌ）【AD】",783
"488","2454405H3035","ﾃﾞｷｻｰﾄ注射液(３.３mg/1ml)(ｴｽﾃﾙ４mg)【AD",11341
"489","2454405H3035","ﾃﾞｷｻｰﾄ注射液(３.３mg/1ml)【AD】",123
"490","2454405H5038","ﾃﾞｷｻｰﾄ注射液(６.６mg/2ml)(ｴｽﾃﾙ８mg)【AD",24882
"491","2454405H5038","ﾃﾞｷｻｰﾄ注射液(６.６mg/2ml)【AD】",387
"492","2454407A1025","【限】リメタゾン注(2.5mg/1ml)",77
"493","2456400D1067","ソル・メドロール静注用(40mg)【AD】",3234
"494","2456400D2098","ソル・メドロール静注用(125mg)【AD】",905
"495","2456400D3094","ソル・メドロール静注用(500mg)【AD】",1098
"496","2456400D4074","ソル・メドロール静注用(1000mg)【AD】",1761
"497","2456405D2023","プレドニン水溶性注(20mg)【AD】",7240
"498","2456405D3020","プレドニン水溶性注(50mg)【AD】",2182
"499","2461400A1079","エナルモンデポー筋注(125mg/1ml)【AD】",815
"500","2477400A2067","プロゲストンデポー筋注(125mg/1mL)【AD】",879
"501","2492403A4051","☆ヒューマリンＲ注バイアル(1000単位/10mL)【AD】",16826
"502","2492413P2020","☆ヒューマリンＲ注ミリオペン(300単位/3mL)【AD】",2
"503","2492414A2030","☆ヒューマログ注バイアル(1000単位/10mL)【AD】",3
"504","2499401A2050","プロスタルモンＦ注(1mg/1ml)",46
"505","2499403A2068","☆ｵｸﾄﾚｵﾁﾄﾞ酢酸塩皮下注(100μg/1mL)｢ｻﾝﾄﾞ｣",461
"506","2499403A2068","ｵｸﾄﾚｵﾁﾄﾞ酢酸塩皮下注(100μg/1mL)｢ｻﾝﾄﾞ｣",718
"507","2499403G1021","☆サンドスタチンＬＡＲ筋注用キット(10mg)",33
"508","2499403G1021","サンドスタチンＬＡＲ筋注用キット(10mg)",27
"509","2499403G2028","☆サンドスタチンＬＡＲ筋注用キット(20mg)",76
"510","2499403G2028","サンドスタチンＬＡＲ筋注用キット(20mg)",50
"511","2499403G3024","☆サンドスタチンＬＡＲ筋注用キット(30mg)",20
"512","2499403G3024","サンドスタチンＬＡＲ筋注用キット(30mg)",55
"513","2499406G1025","☆ゾラデックス３．６ｍｇデポ【AD】",13
"514","2499406G1025","ゾラデックス３．６ｍｇデポ【AD】",12
"515","2499406G3028","☆ゾラデックスＬＡ注10.8mgデポ【AD】",142
"516","2499406G3028","ゾラデックスＬＡ注10.8mgデポ【AD】",412
"517","2499407D2038","☆リュープリン注射用(1.88mg)【AD】",36
"518","2499407D2038","リュープリン注射用(1.88mg)【AD】",72
"519","2499407G2050","☆リュープリン注射用キット(3.75mg)【AD】",60
"520","2499407G2050","リュープリン注射用キット(3.75mg)【AD】",87
"521","2499407G3030","☆ﾘｭｰﾌﾟﾘﾝSR注射用ｷｯﾄ(11.25mg)【AD】",407
"522","2499407G4029","☆リュープリンPRO注射用ｷｯﾄ(22.5mg)【AD】",370
"523","2499409D1022","【限】ソマバート皮下注用（１０ｍｇ）",2
"524","249940YD1028","(未保険薬)セトロタイド注射用0.25mg",181
"525","2499412D3027","☆【維持】ｺﾞﾅｯｸｽ皮下注用(80mg)溶解液つき【AD】",715
"526","2499412D4023","☆【初回】ｺﾞﾅｯｸｽ皮下注用(120mg)溶解液つき【AD】",1
"527","2499412D4023","☆【初回】ｺﾞﾅｯｸｽ皮下注用(120mg)溶解液つき【AD】(2Vでオーダのこと）",85
"528","2499412D5020","☆【維持】ｺﾞﾅｯｸｽ皮下注用(240mg)溶解液つき【AD】(2Vでオーダのこと）",306
"529","2499413G1025","【限】ソマチュリン皮下注(60mg)",6
"530","2499413G2021","ソマチュリン皮下注(90mg)",127
"531","2499413G3028","ソマチュリン皮下注(120mg)",151
"532","2499416G1029","☆トルリシティ皮下注ｱﾃｵｽ(0.75mg/0.5mL)",4
"533","2499416G1029","トルリシティ皮下注ｱﾃｵｽ(0.75mg/0.5mL)",42
"534","2499417G1023","【限】シグニフォーLAR筋注用キット(20mg)",35
"535","2499417G2020","【限】シグニフォーLAR筋注用キット(40mg)",55
"536","2499417G4022","【限】シグニフォーLAR筋注用キット(10mg)",20
"537","2499418G1028","☆ｵｾﾞﾝﾋﾟｯｸ皮下注SD(0.25mg/0.5mL)",1
"538","2499418G5023","【限】ウゴービ皮下注SD(0.25mg/0.5ｍL)",4
"539","2499418G6020","【限】ウゴービ皮下注SD(0.5mg/0.5ｍL)",2
"540","2499419D1026","レベスティブ皮下注用３．８ｍｇ",11
"541","2499421D1023","セトロタイド注射用0.25mg",51
"542","2499422G1024","【限】ﾏﾝｼﾞｬﾛ皮下注ｱﾃｵｽ(2.5mg/0.5mL)",11
"543","2499422G1024","ﾏﾝｼﾞｬﾛ皮下注ｱﾃｵｽ(2.5mg/0.5mL)",2
"544","2499422G2020","ﾏﾝｼﾞｬﾛ皮下注ｱﾃｵｽ(5mg/0.5mL)",8
"545","2531401A1142","メチルエルゴメトリン注(0.2mg/1ml)",215
"546","2590402A1156","ウテメリン注(50mg/5ml)【AD】",81
"547","2590500A1023","マグセント注（１００ｍｌ）",138
"548","2900401D1020","ザイヤフレックス注射用",2
"549","3112401A2022","オキサロール注５μｇ",1046
"550","3122404A1034","アリナミン注(10mg/2ml)",503
"551","3131400A5146","フラビタン注(20mg/2ml)",877
"552","3133401A1042","パントール注(100mg/1ml)",4421
"553","3135400A1026","フォリアミン注(15mg/1ml)",6
"554","3136403A1140","メチコバール注(500μg/1ml)",708
"555","3140400A4203","アスコルビン酸注（５００ｍｇ／２ｍＬ）",1826
"556","3160401A6041","ケイツーＮ静注用(10mg/2ml)",1057
"557","3179506F1023","ビタメジン静注用",7771
"558","3179517G1035","ビタジェクト注キット",6357
"559","3213400A2047","カルチコール注８.５％(1.95mEq/5ml)",383
"560","3213400A3043","カルチコール注８.５％(3.9mEq/10ml)",1957
"561","3215400A2076","２％塩化カルシウム注(7.2mEq/20ml)",415
"562","3222400A1058","フェジン静注(40mg/2ml)",2920
"563","3222404A1021","フェインジェクト静注(500mg/10mL)",251
"564","3222405A2022","【限】モノヴァー静注(1000mg/10mL)",9
"565","3229402A1023","アセレンド注（１００μｇ／２ｍＬ）",2562
"566","3229501A1094","シザナリン配合点滴静注液(2mL)",335
"567","3229501G1089","ミネリック‐５配合点滴静注シリンジ(2mL)",4822
"568","3231401A1183","５％ブドウ糖注(20ml)",14540
"569","3231401A2066","５％大塚糖液(100ml)",4423
"570","3231401H1327","２０％ブドウ糖注(20ml)",120
"571","3231401H7023","５０％ブドウ糖注(20ml)",2415
"572","3231401J3038","５０％大塚糖液(200mL)",430
"573","3231401J5030","７０％大塚糖液(350ml)",92
"574","3231401J6029","５％大塚糖液(250ml)",10729
"575","3231401J7025","１０％ブドウ糖注(20ml)",163
"576","3231401Q3028","５％ブドウ糖注(500ml)",6722
"577","3231401Q5020","１０％ブドウ糖注(500ml)",1268
"578","3231401Q6035","５％ブドウ糖注（５０ｍＬ）",9541
"579","3239501A3026","マンニットールＳ注射液(300mL)【AD】",1629
"580","3239503X1025","ハイカリック液２号(700ml)",409
"581","3239507X1023","ハイカリック液３号(700ml)",638
"582","3239516X1030","リハビックスＫ２号輸液（５００ｍｌ）",71
"583","3239527A2032","ハイカリックＲＦ輸液(500ml)",2018
"584","3253404A4051","アミノレバン点滴静注（５００ｍｌ）",497
"585","3253406A5030","アミパレン輸液（３００ｍｌ）",819
"586","3253407A3032","アミニック輸液（２００ｍｌ）",798
"587","3253412A2029","プレアミンＰ注(200ml)",955
"588","3253415A1034","ネオアミユー輸液（２００ｍｌ）",1406
"589","3259521G1034","ミキシッドＬ輸液（９００ｍｌ）",81
"590","3259522G1039","ミキシッドＨ輸液（９００ｍｌ）",147
"591","3259523G1033","フルカリック１号輸液(903mL)",181
"592","3259524G1038","フルカリック２号輸液(1003mL)",119
"593","3259525G1032","フルカリック３号輸液(1103mL)",1813
"594","3259529G1030","ビーフリード輸液（５００ｍｌ）",18866
"595","3259533G1029","エルネオパＮＦ１号輸液（１０００ｍＬ）",5934
"596","3259533G2025","エルネオパＮＦ１号輸液（１５００ｍＬ）",2147
"597","3259534G1023","エルネオパＮＦ２号輸液（１０００ｍＬ）",10378
"598","3259534G2020","エルネオパＮＦ２号輸液（１５００ｍＬ）",5027
"599","3259537G1027","エネフリード輸液（５５０ｍＬ）",145
"600","3299505A4045","イントラリポス輸液２０％（１００ｍＬ）",3705
"601","3299505A5041","イントラリポス輸液２０％（２５０ｍＬ）",1568
"602","3311400A1068","【ICU限定】１０％大塚食塩注（２０ｍＬ）",4
"603","3311401A2026","大塚生食注(20ml)",45673
"604","3311401A3111","大塚生食注(100ml)",75966
"605","3311401A9071","テルモ生食注(500ml)",35940
"606","3311401H1079","テルモ生食注(1000ml)",7059
"607","3311401H2032","生理食塩液５０ｍｌ",145473
"608","3311401H2105","ｴﾎﾟﾌﾟﾛｽﾃﾉｰﾙ静注用｢ﾔﾝｾﾝ｣専用溶解用液(50mL)",202
"609","3311401H6038","大塚生食注（２５０ｍｌ）",17504
"610","3311402G9036","大塚生食注２ポート(注入針付)(100mL)",48777
"611","3311402P6029","【ICU限定】生食注シリンジ（５０ｍＬ）｢ニプロ｣",3229
"612","3311402P6029","【限】生食注シリンジ（５０ｍＬ）｢ニプロ｣",974
"613","3319400A2046","サリンヘス輸液６％(500ml)【AD】",29
"614","3319402A2070","☆部署限定KCL補正液(20mEq/20ml)急速iv禁",7377
"615","3319402G4024","☆ＫＣＬ注キット(20mEq/20ml)急速iv禁",13568
"616","3319403G1038","【Ｎａ】塩化ナトリウム注10%ｼﾘﾝｼﾞ(20ml)",10131
"617","3319404A1064","乳酸Ｎａ補正液(20mEq/20mL)",13
"618","3319404A1064","補正用乳酸ナトリウム液（20ｍｌ）",40
"619","3319407A1025","【Ｐ】リン酸Ｎａ補正液(0.5mmol/mL)(20mL)",3041
"620","3319408A1020","ボルベン輸液６％（５００ｍＬ）【AD】",645
"621","3319500A3067","ソルデム１輸液（５００ｍｌ）",12485
"622","3319500A5060","ソルデム１輸液（２００ｍｌ）",1183
"623","3319510A4083","ソルデム３Ａ輸液（５００ｍｌ）",36487
"624","3319510A5098","ソルデム３Ａ輸液（２００ｍｌ）",2047
"625","3319511A4037","ソルデム３ＡＧ輸液（５００ｍｌ）",4805
"626","3319534A4160","ソルラクト輸液（５００ｍｌ）",11207
"627","3319534A6049","ラクテック注（１０００ｍＬ）",45
"628","3319536A4029","低分子デキストランＬ注(250ml)【AD】",61
"629","3319550A5092","アクチット輸液(500mL)",2917
"630","3319551A4074","ソルアセトＤ輸液（５００ｍＬ）",15413
"631","3319557A2036","ソルアセトＦ輸液（５００ｍＬ）",37249
"632","3319560A2038","フィジオ３５輸液(500ml)",6620
"633","3319561A2032","フィジオ１４０輸液(500ml)",1928
"634","3319562A3041","ヴィーン３Ｇ輸液（５００ｍＬ）",6643
"635","3319564A1021","ビカネイト輸液(500mL/袋)",496
"636","3319564A2028","ビカネイト輸液(1000mL/袋)",5238
"637","3321401A4181","アドナ静注(100mg/20ml)",2859
"638","3327401A4185","トランサミン注１０％(1g/10ml)",2672
"639","3329403A1058","プロタミン硫酸塩静注(100mg/10mL)｢ﾓﾁﾀﾞ｣",492
"640","3329404D1032","１０％オルダミン注(1g/10g)",47
"641","3334400A8024","【限】ﾍﾊﾟﾘﾝCa皮下注(1万単位/0.4mL)ｻﾜｲ",35
"642","3334400G1022","☆ﾍﾊﾟﾘﾝｶﾙｼｳﾑ皮下注ｼﾘﾝｼﾞ(5千単位/0.2ml)",870
"643","3334400G1022","ﾍﾊﾟﾘﾝｶﾙｼｳﾑ皮下注ｼﾘﾝｼﾞ(5千単位/0.2ml)",1488
"644","3334401A5062","☆ヘパリンNa注(５千単位/5mL)「モチダ」",8874
"645","3334401A5062","ヘパリンNa注(５千単位/5mL)「モチダ」",15353
"646","3334401A6140","☆ﾍﾊﾟﾘﾝﾅﾄﾘｳﾑ注(１万単位/10mL)「ニプロ」",1801
"647","3334401A6140","ﾍﾊﾟﾘﾝﾅﾄﾘｳﾑ注(１万単位/10mL)「ニプロ」",2560
"648","3334402G8034","☆ヘパリンNa透析用150単位/mLｼﾘﾝｼﾞ20mLﾌｿｰ",122
"649","3334402G8034","ヘパリンNa透析用150単位/mLｼﾘﾝｼﾞ20mLﾌｿｰ",336
"650","3334402P2044","☆ﾍﾊﾟﾘﾝNa透析用250単位/mLｼﾘﾝｼﾞ20mLﾌｿｰ",7
"651","3334403A2160","☆フラグミン静注(5000単位/5ml)",3
"652","3334403A2160","フラグミン静注(5000単位/5ml)",18
"653","3334404G2035","☆ローヘパ透析用１５０単位/mLｼﾘﾝｼﾞ(20mL)",1
"654","3334404G2035","ローヘパ透析用１５０単位/mLｼﾘﾝｼﾞ(20mL)",1
"655","3334406G1020","☆クレキサン皮下注ｷｯﾄ（2000IU／0.2ml）",248
"656","3334406G1020","クレキサン皮下注ｷｯﾄ（2000IU／0.2ml）",172
"657","3339401D1027","☆リコモジュリン点滴静注用１２８００単位",65
"658","3339401D1027","リコモジュリン点滴静注用１２８００単位",248
"659","3339600A1030","☆オルガラン静注(１２５０単位/1ml)",29
"660","3339600A1030","オルガラン静注(１２５０単位/1ml)",55
"661","3399400X1035","サム点滴静注セット",69
"662","3399403A1036","アンサー皮下注(20μg/1ml)",109
"663","3399405G1020","【限】グラン注シリンジ(75μｇ)",2
"664","3399405G1020","グラン注シリンジ(75μｇ)",2002
"665","3399405G2026","【限】グラン注シリンジ(150μｇ)",33
"666","3399405G2026","グラン注シリンジ(150μｇ)",16
"667","3399405G3022","【限】グラン注シリンジＭ(300μｇ)",6
"668","3399405G3022","グラン注シリンジＭ(300μｇ)",499
"669","3399406D1028","ノイトロジン注(50μg)",451
"670","3399406D2024","ノイトロジン注(100μg)",844
"671","3399406D3020","ノイトロジン注(250μg)",290
"672","3399406D4027","ノイトロジン注(50μg)(添付溶解液なし)",161
"673","3399406D5023","ノイトロジン注(100μg)(添付溶解液なし)",283
"674","3399406D6020","ノイトロジン注(250μg)(添付溶解液なし)",18
"675","3399408G1023","ﾌｨﾙｸﾞﾗｽﾁﾑＢＳ注７５μｇｼﾘﾝｼﾞ｢Ｆ｣",1802
"676","3399408G1031","｢モチダ｣ﾌｨﾙｸﾞﾗｽﾁﾑＢＳ注７５μｇｼﾘﾝｼﾞ",94
"677","3399408G1031","ﾌｨﾙｸﾞﾗｽﾁﾑＢＳ注７５μｇｼﾘﾝｼﾞ｢モチダ｣",1892
"678","3399408G2020","ﾌｨﾙｸﾞﾗｽﾁﾑＢＳ注１５０μｇｼﾘﾝｼﾞ｢Ｆ｣",714
"679","3399408G2038","ﾌｨﾙｸﾞﾗｽﾁﾑＢＳ注１５０μｇｼﾘﾝｼﾞ｢モチダ｣",504
"680","3399408G3026","ﾌｨﾙｸﾞﾗｽﾁﾑＢＳ注３００μｇｼﾘﾝｼﾞ｢Ｆ｣",447
"681","3399408G3034","ﾌｨﾙｸﾞﾗｽﾁﾑＢＳ注３００μｇｼﾘﾝｼﾞ｢モチダ｣",412
"682","3399409G1028","｢ＮＫ｣ﾌｨﾙｸﾞﾗｽﾁﾑＢＳ注７５μｇｼﾘﾝｼﾞ",48
"683","3399410G1020","ジーラスタ皮下注(3.6mg)",3229
"684","3399410G2027","ｼﾞｰﾗｽﾀ皮下注ﾎﾞﾃﾞｨｰﾎﾟｯﾄﾞ(3.6mg/0.36mL)",104
"685","3399412A1027","プリズバインド静注液(2.5g/50mL)",2
"686","3399413A1021","モゾビル皮下注(24mg/1.2mL)",39
"687","3399414D1022","オンデキサ静注用２００ｍｇ",18
"688","3399417D1026","【限】レブロジル皮下注用２５ｍｇ",13
"689","3410534G2038","サブパック血液ろ過用補充液-Bi(2020mL)",28
"690","3410538G2028","サブラッド血液ろ過用補充液ＢＳＧ(2020mL)",1401
"691","3420419A7073","【限】ダイアニール-Ｎ ＰＤ-４腹膜透析液１．５％ＵＶツイン１．５Ｌ",14
"692","3420419A8070","【限】ダイアニール-Ｎ ＰＤ-４腹膜透析液１．５％ツイン２Ｌ",40
"693","3420419A8070","ダイアニール-Ｎ ＰＤ-４腹膜透析液１．５％ＵＶツイン２Ｌ",27
"694","3420419A8070","ダイアニール-Ｎ ＰＤ-４腹膜透析液１．５％ツイン２Ｌ",5
"695","3420420A5065","ダイアニール-Ｎ ＰＤ-４腹膜透析液２．５％シングル２．５Ｌ",1
"696","3420420A7076","【限】ダイアニール-Ｎ ＰＤ-４腹膜透析液２．５％ＵＶツイン１．５Ｌ",18
"697","3420420A8072","【限】ダイアニール-Ｎ ＰＤ-４腹膜透析液２．５％ＵＶツイン２Ｌ",10
"698","3420420A8072","【限】ダイアニール-Ｎ ＰＤ-４腹膜透析液２．５％ツイン２Ｌ",7
"699","3420429A4043","【限】ミッドペリックＬ１３５腹膜透析液ツイン１．５Ｌ",274
"700","3420429A4043","ミッドペリックＬ１３５腹膜透析液ツイン１．５Ｌ",133
"701","3420429A6046","ミッドペリックＬ１３５腹膜透析液ツイン２Ｌ",264
"702","3420429H1034","ミッドペリックＬ１３５腹膜透析液シングル２．５Ｌ",61
"703","3420430A4046","【限】ﾐｯﾄﾞﾍﾟﾘｯｸL250腹膜透析液1.5Lﾂｲﾝ",75
"704","3420430A6049","ミッドペリックＬ２５０腹膜透析液ツイン２Ｌ",183
"705","3420430H1037","【限】ミッドペリックＬ２５０腹膜透析液シングル２．５Ｌ",4
"706","3420432A1038","【限】エクストラニール腹膜透析液シングル・機器専用１．５Ｌ",1
"707","3420432A1046","【限】ニコペリック腹膜透析液シングル１．５Ｌ",5
"708","3420432A2034","【限】エクストラニール腹膜透析液ツイン１．５Ｌ",33
"709","3420432A2034","エクストラニール腹膜透析液ＵＶツイン１．５Ｌ",407
"710","3420432A2034","エクストラニール腹膜透析液ツイン１．５Ｌ",3
"711","3420432A2042","【限】ニコペリック腹膜透析液ツイン１．５Ｌ",24
"712","3420432A2042","ニコペリック腹膜透析液ツイン１．５Ｌ",372
"713","3420436A2024","【限】レギュニールＬＣａ腹膜透析液１．５％ＵＶツイン１．５Ｌ",190
"714","3420436A3020","レギュニールＬＣａ腹膜透析液１．５％ＵＶツイン２Ｌ",205
"715","3420436A4027","【限】レギュニールＬＣａ腹膜透析液１．５％シングル・機器専用２．５Ｌ",8
"716","3420436A4027","レギュニールＬＣａ腹膜透析液１．５％シングル・機器専用２．５Ｌ",33
"717","3420437A2029","【限】レギュニールＬＣａ腹膜透析液２．５％ＵＶツイン１．５Ｌ",147
"718","3420437A3025","レギュニールＬＣａ腹膜透析液２．５％ＵＶツイン２Ｌ",115
"719","3420437A4021","レギュニールＬＣａ腹膜透析液２．５％シングル・機器専用２．５Ｌ",16
"720","3919401A1020","【限】デファイテリオ静注(200mg/2.5mL)",51
"721","3919502A1341","強力ネオミノファーゲンシー静注(20ml)",3287
"722","3922400D1060","タチオン注(100mg)",12
"723","3925400A2020","１０％デトキソール注(2g/20ml)",136
"724","3929400A3238","メイロン静注７％(1.4g/20ml)",3811
"725","3929400H2035","【250mL袋】メイロン静注７％(17.5g/250ml)",148
"726","3929400H2035","メイロン静注７％(17.5g/250ml)",44
"727","3929401A1035","パム静注(500mg/20ml)",1
"728","3929402D1036","デスフェラール注(500mg)",162
"729","3929403A1034","ロイコボリン注(3mg/1mL)",496
"730","3929406A2026","ウロミテキサン注(400mg/4ml)",2380
"731","3929407D1136","【ﾛｲｺﾎﾞﾘﾝ代替】ﾚﾎﾞﾎﾘﾅｰﾄ点滴静注用25mg｢ﾔｸﾙﾄ｣",101
"732","3929407D1136","☆レボホリナート点滴静注用２５ｍｇ｢ﾔｸﾙﾄ｣",566
"733","3929407D1136","レボホリナート点滴静注用２５ｍｇ｢ﾔｸﾙﾄ｣",821
"734","3929407D2060","☆レボホリナート点滴静注用１００ｍｇ｢ﾔｸﾙﾄ｣",769
"735","3929407D2060","レボホリナート点滴静注用１００ｍｇ｢ﾔｸﾙﾄ｣",1193
"736","3929409A1023","ブリディオン静注（２００ｍｇ／２ｍＬ）",52
"737","3929409G1042","スガマデクス静注液ｼﾘﾝｼﾞ(200mg/2mL)｢ﾏﾙｲｼ｣",1
"738","3929410D1022","サビーン点滴静注用５００ｍｇ",21
"739","3929412A1025","メチレンブルー静注(50mg/10mL)｢第一三共｣",1
"740","3954400D4080","ウロナーゼ静注用６万単位",80
"741","3959402D3038","グルトパ注(2400万IU)",12
"742","3959412F1021","マイオザイム点滴静注用（５０ｍｇ）",34
"743","3959413A1029","エラプレース点滴静注液(6mg/3ml)",144
"744","3959415F1025","ラスリテック点滴静注(１．５ｍｇ)",229
"745","3959415F2021","ラスリテック点滴静注(７．５ｍｇ)",235
"746","3959416F1020","ビプリブ点滴静注用４００単位",87
"747","3959417A1027","【限】ビミジム点滴静注液(5mg/5mL)",121
"748","3959418A2028","【限】ストレンジック皮下注(18mg/0.45mL)",3
"749","3959420A1029","アガルシダーゼ ﾍﾞーﾀBS点滴静注5mg/1mLJCR",45
"750","3959420A2025","アガルシダーゼ ﾍﾞーﾀBS点滴静注35mg/7mLJCR",45
"751","3959424D1023","【限】イズカーゴ点滴静注用１０ｍｇ",16
"752","3959424D1023","イズカーゴ点滴静注用１０ｍｇ",128
"753","3959425D1028","【限】ネクスビアザイム点滴静注用(100mg)",12
"754","3959425D1028","ネクスビアザイム点滴静注用(100mg)",51
"755","3992400A2138","アデホスＬ注(20mg/2ml)",541
"756","3999401A1200","エルシトニン注(40U/1ml)",279
"757","3999403D1310","ガベキサートメシル酸塩注(100mg）｢ﾀｶﾀ｣",296
"758","3999403D2120","ガベキサートメシル酸塩注(500mg）｢ﾀｶﾀ｣",264
"759","3999405A3073","ミラクリッド注(10万U/2ml)",80
"760","3999406A1032","☆サンディミュン注（２５０ｍｇ／５ｍｌ）",178
"761","3999406A1032","サンディミュン注（２５０ｍｇ／５ｍｌ）",332
"762","3999407D1181","注射用フサン１０",80
"763","3999407D1335","ナファモスタット注（１０ｍｇ）",155
"764","3999407D2021","注射用フサン５０",920
"765","3999407D2358","【ICU限定】ﾅﾌｧﾓｽﾀｯﾄﾒｼﾙ酸塩注射用50mg｢NIG｣",44
"766","3999407D3184","ナファモスタット注（１００ｍｇ）",863
"767","3999408G1247","アルツディスポ関節注(25mg/2.5ml)",100
"768","3999408G1255","スベニールディスポ関節注(25mg/2.5ml)",87
"769","3999412G6024","エスポー注皮下用ｼﾘﾝｼﾞ12000IU【AD】",1
"770","3999412G7020","エスポー注皮下用ｼﾘﾝｼﾞ24000IU【AD】",243
"771","3999413G1035","エポジン注シリンジ７５０ＩＵ【AD】",85
"772","3999413G3038","エポジン注シリンジ３０００ＩＵ【AD】",204
"773","3999416A2024","☆プログラフ注射液（２ｍｇ／０．４ｍＬ）",1737
"774","3999416A2024","プログラフ注射液（２ｍｇ／０．４ｍＬ）",3044
"775","3999418D1040","パミドロン酸二Na点滴静注用｢ｻﾜｲ｣(15mg)",285
"776","3999419G1024","ボナロン点滴静注バッグ(900μg/100mL)",84
"777","3999423A2024","☆ゾメタ点滴静注(4mg/100mL)",175
"778","3999423A2024","ゾメタ点滴静注(4mg/100mL)",180
"779","3999423A3047","ゾレドロン酸点滴静注ﾊﾞｯｸﾞ(4mg/100mL)｢ﾄｰﾜ｣",99
"780","3999423A4027","リクラスト点滴静注液(5mg/100mL)",19
"781","3999423A5023","リクラスト点滴静注液(5mg/100mL)",10
"782","3999424G3028","(持参)エンブレル皮下注５０mgペン1.0mL",3
"783","3999424G3028","エンブレル皮下注５０ｍｇペン1.0mL",6
"784","3999424G4024","(持参)エンブレル皮下注２５mgペン0.5mL",3
"785","3999425S7020","ネスプ注射液ﾌﾟﾗｼﾘﾝｼﾞ(20μg/0.5mL)【AD】",6
"786","3999425S7039","ダルベポエチンｱﾙﾌｧ注ｼﾘﾝｼﾞ(20μg/0.5mL)KKF【AD】",306
"787","3999425S8027","ネスプ注射液ﾌﾟﾗｼﾘﾝｼﾞ(30μg/0.5mL)【AD】",11
"788","3999425S8035","ダルベポエチンｱﾙﾌｧ注ｼﾘﾝｼﾞ(30μg/0.5mL)KKF【AD】",479
"789","3999425U1023","ネスプ注射液ﾌﾟﾗｼﾘﾝｼﾞ(60μg/0.5mL)【AD】",254
"790","3999425U1031","ダルベポエチンｱﾙﾌｧ注ｼﾘﾝｼﾞ(60μg/0.5mL)KKF【AD】",502
"791","3999425U2020","ネスプ注射液ﾌﾟﾗｼﾘﾝｼﾞ(120μg/0.5mL)【AD】",252
"792","3999425U2038","ダルベポエチンｱﾙﾌｧ注ｼﾘﾝｼﾞ(120μg/0.5mL)KKF【AD】",236
"793","3999425U3026","ネスプ注射液ﾌﾟﾗｼﾘﾝｼﾞ(180μg/0.5mL)【AD】",265
"794","3999425U3034","ダルベポエチンｱﾙﾌｧ注ｼﾘﾝｼﾞ(180μg/0.5mL)KKF【AD】",20
"795","3999426G3027","【限】ヒュミラ皮下注シリンジ(40mg/0.4mL)",1
"796","3999426G5020","ヒュミラ皮下注ペン(40mg/0.4mL)",45
"797","3999426G6026","ヒュミラ皮下注ペン(80mg/0.8mL)",85
"798","3999426G7022","【限】ヒュミラ皮下注シリンジ(20mg/0.2mL)",20
"799","3999429D1021","オレンシア点滴静注用（２５０ｍｇ）",262
"800","3999429G2024","オレンシア皮下注ｵｰﾄｲﾝｼﾞｪｸﾀｰ(125mg/1mL)",44
"801","3999430D1024","ロミプレート皮下注２５０μｇ調製用",821
"802","3999431A1022","ステラーラ点滴静注(１３０ｍｇ/２６ｍＬ)",37
"803","3999431G1025","ステラーラ皮下注４５ｍｇシリンジ0.5ｍＬ",518
"804","3999432G1020","ミルセラ注シリンジ25μg【AD】",298
"805","3999432G2026","ミルセラ注シリンジ50μg【AD】",547
"806","3999432G4029","ミルセラ注シリンジ100μg【AD】",555
"807","3999432G5025","ミルセラ注シリンジ150μg【AD】",245
"808","3999432G6021","ミルセラ注シリンジ200μg【AD】",126
"809","3999433G2020","シンポニー皮下注ｵｰﾄｲﾝｼﾞｪｸﾀｰ(50mg/0.5mL)",227
"810","3999434A1026","【限】イラリス皮下注射液(150mg/1mL)",24
"811","3999435A1020","☆ランマーク皮下注(120mg/1.7mL)",1504
"812","3999435A1020","ランマーク皮下注(120mg/1.7mL)",2677
"813","3999435G1023","プラリア皮下注シリンジ(60mg/1mL)",1295
"814","3999436G1028","エルカルチンＦＦ静注ｼﾘﾝｼﾞ(1000mg/5mL)",1402
"815","3999437G1022","(持参)シムジア皮下注ｼﾘﾝｼﾞ(200mg/1mL)",1
"816","3999437G2029","シムジア皮下注ｵｰﾄｸﾘｯｸｽ(200mg/1mL)",7
"817","3999438G1027","ボンビバ静注シリンジ（１ｍｇ／１ｍＬ）",45
"818","3999439G2028","コセンティクス皮下注ペン(150mg/1mL)",4
"819","3999440G1024","コパキソン皮下注シリンジ(20mg/1mL)",8
"820","3999441G1029","ルミセフ皮下注シリンジ(210mg/1.5mL)",80
"821","3999442G2020","トルツ皮下注ｵｰﾄｲﾝｼﾞｪｸﾀｰ(80mg/1mL)",1
"822","3999443A2021","パーサビブ静注透析用(5mg/2mL)",366
"823","3999444G4021","ケブザラ皮下注ｵｰﾄｲﾝｼﾞｪｸﾀｰ（200mg/1.14mL）",7
"824","3999445D1020","【限】ベンリスタ点滴静注用（１２０ｍｇ）",37
"825","3999445D1020","ベンリスタ点滴静注用（１２０ｍｇ）",26
"826","3999445D2027","【限】ベンリスタ点滴静注用（４００ｍｇ）",33
"827","3999445D2027","ベンリスタ点滴静注用（４００ｍｇ）",20
"828","3999445G2023","ベンリスタ皮下注ｵｰﾄｲﾝｼﾞｪｸﾀｰ(200mg/1mL)",135
"829","3999446G1021","トレムフィア皮下注シリンジ(100mg/1mL)",44
"830","3999448G3023","エタネルセプトBS皮下注ペン(50mg/1mL)｢MA｣",16
"831","3999449G1025","イベニティ皮下注105mgｼﾘﾝｼﾞ【2本入り/箱】",235
"832","3999450A1025","【限】スキリージ点滴静注(600mg/10mL)",25
"833","3999450A1025","スキリージ点滴静注(600mg/10mL)",25
"834","3999450G1028","【限】スキリージ皮下注ｼﾘﾝｼﾞ(75mg/0.83mL)",4
"835","3999450G3020","【限】スキリージ皮下注ペン(150mg/1mL)",11
"836","3999450G3020","スキリージ皮下注ペン(150mg/1mL)",6
"837","3999450G4027","スキリージ皮下注ｵｰﾄﾄﾞｰｻﾞｰ(360mg/2.4mL)",70
"838","3999452A1024","【限】クリースビータ皮下注(10mg/1mL)",30
"839","3999452A2020","クリースビータ皮下注(20mg/1mL)",52
"840","3999452A3027","【限】クリースビータ皮下注(30mg/1mL)",1
"841","3999452A3027","クリースビータ皮下注(30mg/1mL)",11
"842","3999460G1021","ウパシタ静注透析用シリンジ(25μg/1mL)",9
"843","3999460G3024","ウパシタ静注透析用シリンジ(100μg/1mL)",2
"844","3999462A1028","サフネロー点滴静注(300mg/2mL)",150
"845","3999464G2026","【限】ﾋﾞﾝｾﾞﾚｯｸｽ皮下注ｵｰﾄｲﾝｼﾞｪｸﾀｰ(160mg/1mL)",6
"846","3999465D1028","【限】ボックスゾゴ皮下注用０．４ｍｇ",6
"847","3999465D2024","【限】ボックスゾゴ皮下注用０．５６ｍｇ",6
"848","3999467G1023","ナノゾラ皮下注ｼﾘﾝｼﾞ(30mg/0.375mL)",22
"849","3999467G2020","ナノゾラ皮下注ｵｰﾄｲﾝｼﾞｪｸﾀｰ(30mg/0.375mL)",18
"850","3999468G1028","【限】ﾒﾄｼﾞｪｸﾄ皮下注ｼﾘﾝｼﾞ(7.5mg/0.15mL)",1
"851","4211401D1033","☆エンドキサン注(100mg)",1002
"852","4211401D2021","☆エンドキサン注(500mg)",2219
"853","4211402D1020","☆イホマイド注(1g)",1027
"854","4212400A1021","☆【限】リサイオ点滴静注液(100mg/2.5mL)",24
"855","4213400A2025","☆ブスルフェクス点滴静注(60mg/10ml)",158
"856","4219400D1029","☆ニドラン注(25mg)",42
"857","4219401D1031","☆ダカルバジン注(100mg)",88
"858","4219402D1028","☆サイメリン注(50mg)",12
"859","4219403F1023","（毒）アルケラン静注用５０ｍｇ",88
"860","4219403F1023","☆アルケラン静注用５０ｍｇ",61
"861","4219404D1027","(毒)テモダール点滴静注用１００ｍｇ",73
"862","4219404D1027","☆(毒)テモダール点滴静注用１００ｍｇ",37
"863","4219405A1025","☆トレアキシン点滴静注液(100mg/4mL)",83
"864","4219405D1021","☆トレアキシン点滴静注用１００ｍｇ",29
"865","4219406D1026","☆ザノサー点滴静注用（１０００ｍｇ）",134
"866","4222400A1036","☆メソトレキセート点滴静注(200mg/8ml)",151
"867","4222400A2024","☆メソトレキセート点滴静注(1000mg/40mL)",175
"868","4222400D1024","☆メソトレキセート注(5mg)",639
"869","4222400D2020","☆メソトレキセート注(50mg)",311
"870","4223401A3030","☆フルオロウラシル注｢ﾄｰﾜ｣(1000mg/20mL)",4131
"871","4223401A4037","☆フルオロウラシル注｢ﾄｰﾜ｣(250mg/5mL)",4050
"872","4224401A1035","☆キロサイド注(20mg/1ml)",658
"873","4224401A3038","☆キロサイド注(60mg/3ml)",401
"874","4224401A5030","☆キロサイド注(200mg/10ml)",232
"875","4224401A7025","☆キロサイドＮ注(1000mg/50mL)",32
"876","4224401A7041","☆シタラビン点滴静注液｢NIG｣(1000mg/50mL)",119
"877","4224401A7041","☆シタラビン点滴静注液｢ﾃﾊﾞ｣(1000mg/50mL)",69
"878","4224403D1065","☆ゲムシタビン点滴静注用200mg｢ﾔｸﾙﾄ｣",3398
"879","4224403D2061","☆ゲムシタビン点滴静注用1000mg｢ﾔｸﾙﾄ｣",3741
"880","4229400D1033","☆フルダラ静注用（５０ｍｇ）",631
"881","4229401A1023","☆ﾍﾟﾒﾄﾚｷｾﾄﾞ点滴静注液(100mg/4mL)｢NK｣",264
"882","4229401A2020","☆ﾍﾟﾒﾄﾚｷｾﾄﾞ点滴静注液(500mg/20mL)｢NK｣",136
"883","4229401A3026","☆ﾍﾟﾒﾄﾚｷｾﾄﾞ点滴静注液(800mg/32mL)｢NK｣",277
"884","4229401D1020","☆アリムタ注（５００ｍｇ）",185
"885","4229401D2026","☆アリムタ注射用（１００ｍｇ）",152
"886","4229402A1028","【限】アラノンジー静注（250ｍｇ/50ｍｌ）",2
"887","4229404A1027","☆ジフォルタ注射液（２０ｍｇ／１ｍＬ）",22
"888","4231400D1031","☆マイトマイシン注(2mg)",6
"889","4233400D1036","☆コスメゲン静注用（０．５ｍｇ）",48
"890","4234400D5039","☆ブレオ注(15mg)",174
"891","4234402D1032","☆【限】ペプレオ注射用５ｍｇ",55
"892","4235400D1030","☆アクラシノン注(20mg)",29
"893","4235401D1035","☆ダウノマイシン静注用(20mg)",73
"894","4235402A1025","☆ドキシル注（２０ｍｇ／１０ｍｌ）",165
"895","4235402A2021","☆ﾄﾞｷｿﾙﾋﾞｼﾝ塩酸塩注射液｢ｻﾝﾄﾞ｣(10mg/5mL)",1067
"896","4235402A3028","☆ﾄﾞｷｿﾙﾋﾞｼﾝ塩酸塩注射液｢ｻﾝﾄﾞ｣(50mg/25mL)",957
"897","4235403D1050","☆ピノルビン注(10mg)",31
"898","4235403D2057","☆ピノルビン注(20mg)",49
"899","4235404A1040","☆ｴﾋﾟﾙﾋﾞｼﾝ塩酸塩注射液(10mg/5mL)",974
"900","4235404A2047","☆ｴﾋﾟﾙﾋﾞｼﾝ塩酸塩注射液(50mg/25mL)",1167
"901","4235404D2060","☆エピルビシン塩酸塩注射用５０ｍｇ「NK」",38
"902","4235405D1033","（毒）イダマイシン注(5mg)",13
"903","4235405D1033","☆（毒）イダマイシン注(5mg)",14
"904","4235406D1020","☆カルセド注(20mg)",125
"905","4239400D1030","【限】(毒)マイロターグ点滴静注用(5mg)",5
"906","4239401D1026","【限】(毒)ベスポンサ点滴静注用(1mg)",19
"907","4239401D1026","☆【限】(毒)ベスポンサ点滴静注用(1mg)",12
"908","4240400D1030","☆オンコビン注(1mg)",1193
"909","4240401D2031","☆エクザール注(10mg)",123
"910","4240402D1021","☆フィルデシン注(1mg)",10
"911","4240402D2028","☆フィルデシン注(3mg)",32
"912","4240403A2069","☆エトポシド点滴静注液｢ｻﾝﾄﾞ｣(100mg/5mL)",2188
"913","4240404A1059","☆ｲﾘﾉﾃｶﾝ塩酸塩点滴静注液(40mg/2mL)｢NK｣",123
"914","4240404A1172","☆ｲﾘﾉﾃｶﾝ塩酸塩点滴静注液｢SUN｣(40mg/2mL)",1094
"915","4240404A1172","☆ｲﾘﾉﾃｶﾝ塩酸塩点滴静注液ﾀｲﾎｳ(40mg/2mL)",112
"916","4240404A2055","☆ｲﾘﾉﾃｶﾝ塩酸塩点滴静注液(100mg/5mL)｢NK｣",86
"917","4240404A2179","☆ｲﾘﾉﾃｶﾝ塩酸塩点滴静注液｢SUN｣(100mg/5mL)",948
"918","4240404A2179","☆ｲﾘﾉﾃｶﾝ塩酸塩点滴静注液ﾀｲﾎｳ(100mg/5mL)",109
"919","4240404A3027","☆オニバイド点滴静注(43mg/10mL)",462
"920","4240405A3102","(毒)ﾄﾞｾﾀｷｾﾙ点滴静注(20mg/1mL)｢ﾆﾌﾟﾛ｣",980
"921","4240405A3102","☆(毒)ﾄﾞｾﾀｷｾﾙ点滴静注(20mg/1mL)｢ﾆﾌﾟﾛ｣",637
"922","4240405A4109","(毒)ﾄﾞｾﾀｷｾﾙ点滴静注(80mg/4mL)｢ﾆﾌﾟﾛ｣",1161
"923","4240405A4109","☆(毒)ﾄﾞｾﾀｷｾﾙ点滴静注(80mg/4mL)｢ﾆﾌﾟﾛ｣",629
"924","4240406A1040","(毒)パクリタキセル注ＮＫ(30mg/5mL)",2561
"925","4240406A1040","☆(毒)パクリタキセル注ＮＫ(30mg/5mL)",1903
"926","4240406A2046","(毒)パクリタキセル注ＮＫ(100mg/16.7mL)",2271
"927","4240406A2046","☆(毒)パクリタキセル注ＮＫ(100mg/16.7mL)",1595
"928","4240407A1028","（毒）ナベルビン注(10mg/1ml)",11
"929","4240407A1028","☆（毒）ナベルビン注(10mg/1ml)",2
"930","4240407A1036","（毒）ロゼウス静注液(10mg/1mL)",11
"931","4240407A2024","（毒）ナベルビン注(40mg/4ml)",60
"932","4240407A2024","☆（毒）ナベルビン注(40mg/4ml)",22
"933","4240407A2032","（毒）ロゼウス静注液(40mg/4mL)",84
"934","4240408D1037","☆ハイカムチン注１．１ｍｇ",229
"935","4240409D1023","（毒）アブラキサン点滴静注用(100mg)",1461
"936","4240409D1023","【JCOG2101C】ﾅﾌﾞﾊﾟｸﾘﾀｷｾﾙ注100mg(消外･R2202N)",4
"937","4240409D1023","☆（毒）アブラキサン点滴静注用(100mg)",800
"938","4240410A1020","(毒)ジェブタナ点滴静注(60mg/1.5mL)",154
"939","4240410A1020","☆(毒)ジェブタナ点滴静注(60mg/1.5mL)",55
"940","4291400A1033","☆ロイナーゼ注(5000KU)",218
"941","4291401A1119","(毒)ｼｽﾌﾟﾗﾁﾝ点滴静注(10mg/20mL)｢ﾏﾙｺ｣",1119
"942","4291401A1127","(毒)ｼｽﾌﾟﾗﾁﾝ点滴静注液ﾌｧｲｻﾞｰ(10mg/20mL)",278
"943","4291401A1127","☆(毒)ｼｽﾌﾟﾗﾁﾝ点滴静注液ﾌｧｲｻﾞｰ(10mg/20mL)",868
"944","4291401A3111","(毒)ｼｽﾌﾟﾗﾁﾝ点滴静注(50mg/100mL)｢ﾏﾙｺ｣",703
"945","4291401A3120","(毒)ｼｽﾌﾟﾗﾁﾝ点滴静注液ﾌｧｲｻﾞｰ(50mg/100mL",186
"946","4291401A3120","☆(毒)ｼｽﾌﾟﾗﾁﾝ点滴静注液ﾌｧｲｻﾞｰ(50mg/100mL",677
"947","4291401D1026","（毒）動注用アイエーコール100mg",9
"948","4291402A2020","（毒）ノバントロン注(10mg/5ml)",25
"949","4291402A2020","☆（毒）ノバントロン注(10mg/5ml)",23
"950","4291403A2092","(毒)ｶﾙﾎﾞﾌﾟﾗﾁﾝ点滴静注液NK(150mg/15mL)",1185
"951","4291403A2092","☆(毒)ｶﾙﾎﾞﾌﾟﾗﾁﾝ点滴静注液NK(150mg/15mL)",865
"952","4291403A3099","(毒)ｶﾙﾎﾞﾌﾟﾗﾁﾝ点滴静注液NK(450mg/45mL)",1527
"953","4291403A3099","☆(毒)ｶﾙﾎﾞﾌﾟﾗﾁﾝ点滴静注液NK(450mg/45mL)",1111
"954","4291405F1025","（毒）アクプラ静注用(10mg)",88
"955","4291405F1025","☆（毒）アクプラ静注用(10mg)",122
"956","4291405F2021","（毒）アクプラ静注用(50mg)",88
"957","4291405F2021","☆（毒）アクプラ静注用(50mg)",144
"958","4291406D3021","☆ハーセプチン注射用60mg(添付希釈液ﾅｼ)",927
"959","4291406D4028","☆ハーセプチン注射用150mg(添付希釈液ﾅｼ)",1267
"960","4291406D5024","☆ﾊｰｾﾌﾟﾁﾝ注射用60mg(注射用水添付なし)",339
"961","4291406D6020","【受け皿試験】ﾊｰｾﾌﾟﾁﾝ注射用150mg",1
"962","4291406D6020","☆ﾊｰｾﾌﾟﾁﾝ注射用150mg(注射用水添付なし)",422
"963","4291407A1035","☆リツキサン注１００ｍｇ／１０ｍＬ",922
"964","4291407A2031","☆リツキサン注５００ｍｇ／５０ｍＬ",1088
"965","4291409A1026","【限】(毒)トリセノックス注(10mg/10ml)",5
"966","4291409A1026","☆【限】(毒)トリセノックス注(10mg/10ml)",98
"967","4291409A2022","【限】(毒)ﾄﾘｾﾉｯｸｽ点滴静注(12mg/6mL)",75
"968","4291410A1029","(毒)エルプラット点滴静注液(50mg/10mL)",424
"969","4291410A1029","☆(毒)エルプラット点滴静注液(50mg/10mL)",312
"970","4291410A2025","(毒)エルプラット点滴静注液(100mg/20mL)",754
"971","4291410A2025","☆(毒)エルプラット点滴静注液(100mg/20mL)",555
"972","4291411A1023","☆無水エタノール注「フソー」（５ｍｌ）",20
"973","4291411A1023","無水エタノール注「フソー」（５ｍｌ）",44
"974","4291412D1024","（毒）ベルケイド注（３ｍｇ）",220
"975","4291412D1024","☆（毒）ベルケイド注（３ｍｇ）",219
"976","4291413A1022","☆アバスチン点滴静注用(100mg/4ml)",3249
"977","4291413A2029","☆アバスチン点滴静注用(400mg/16ml)",4014
"978","4291415A1021","☆アービタックス注射用１００ｍｇ",846
"979","4291417A1020","☆ベクティビックス点滴静注(100mg/5ml)",299
"980","4291418A1025","☆トーリセル点滴静注液(２５ｍｇ／１ｍＬ)",239
"981","4291419D1026","☆ビダーザ注射用１００ｍｇ",282
"982","4291420A1022","（毒）ハラヴェン静注(1mg/2mL)",452
"983","4291420A1022","☆（毒）ハラヴェン静注(1mg/2mL)",93
"984","4291421G1020","☆フェソロデックス筋注(250mg/5mL)【AD】",821
"985","4291422A1021","☆ポテリジオ点滴静注(20mg/5mL)",192
"986","4291424A1020","☆パージェタ点滴静注(420mg/14mL)",1471
"987","4291425D1021","☆アドセトリス点滴静注用５０ｍｇ",163
"988","4291426D1026","☆カドサイラ点滴静注用１００ｍｇ",324
"989","4291426D2022","☆カドサイラ点滴静注用１６０ｍｇ",188
"990","4291427A1024","☆オプジーボ点滴静注20mg/2mL",62
"991","4291427A3027","【受け皿試験】ｵﾌﾟｼﾞｰﾎﾞ点滴静注240mg/24mL",7
"992","4291427A3027","☆オプジーボ点滴静注240mg/24mL",2229
"993","4291427A4023","☆オプジーボ点滴静注120mg/12mL",251
"994","4291428A1029","☆【限】マブキャンパス点滴静注(30mg/1mL)",5
"995","4291429A1023","☆サイラムザ点滴静注液(100mg/10mL)",264
"996","4291429A2020","☆サイラムザ点滴静注液(500mg/50mL)",285
"997","4291430A1026","☆ヤーボイ点滴静注液(50mg/10mL)",152
"998","4291431D1027","（毒）ヨンデリス点滴静注用（０．２５ｍｇ）",11
"999","4291433D1026","(毒)カイプロリス点滴静注用（１０ｍｇ）",212
"1000","4291433D1026","☆(毒)カイプロリス点滴静注用（１０ｍｇ）",213
"1001","4291433D2022","(毒)カイプロリス点滴静注用（４０ｍｇ）",247
"1002","4291433D2022","☆(毒)カイプロリス点滴静注用（４０ｍｇ）",245
"1003","4291434D1020","☆エムプリシティ点滴静注用（３００ｍｇ）",118
"1004","4291434D2027","☆エムプリシティ点滴静注用（４００ｍｇ）",147
"1005","4291435A2025","☆キイトルーダ点滴静注(100mg/4mL)",3025
"1006","4291437A1028","☆ダラザレックス点滴静注(100mg/5mL)",108
"1007","4291437A2024","☆ダラザレックス点滴静注(400mg/20mL)",170
"1008","4291438A1022","☆【限】バベンチオ点滴静注(200mg/10mL)",9
"1009","4291438A1022","☆バベンチオ点滴静注(200mg/10mL)",576
"1010","4291439A1027","☆リツキシマブBS点滴静注(100mg/10mL)KHK",244
"1011","4291439A2023","☆リツキシマブBS点滴静注（500mg/50mL）KHK",274
"1012","4291440D1026","☆【限】イストダックス点滴静注用（１０ｍｇ）",1
"1013","4291441A1024","☆テセントリク点滴静注(1200mg/20mL)",749
"1014","4291442D1033","☆ﾄﾗｽﾂｽﾞﾏﾌﾞBS点滴静注用60mg｢NK｣",53
"1015","4291442D2030","☆ﾄﾗｽﾂｽﾞﾏﾌﾞBS点滴静注用150mg｢NK｣",57
"1016","4291443A1023","☆イミフィンジ点滴静注(120mg/2.4mL)",137
"1017","4291443A2020","☆イミフィンジ点滴静注(500mg/10mL)",274
"1018","4291444A1028","☆ガザイバ点滴静注(1000mg/40mL)",52
"1019","4291445D1029","☆【限】ビーリンサイト点滴静注用(35μg)",227
"1020","4291448A1026","☆【限】ﾎﾟｰﾄﾗｰｻﾞ点滴静注液(800mg/50mL)",18
"1021","4291452D1029","☆エンハーツ点滴静注用１００ｍｇ",416
"1022","4291454A1021","☆サークリサ点滴静注(100mg/5mL)",145
"1023","4291455D1022","☆【限】ポライビー点滴静注用３０ｍｇ",4
"1024","4291455D1022","☆ポライビー点滴静注用３０ｍｇ",85
"1025","4291456D1027","☆【限】レミトロ点滴静注用３００μｇ",1
"1026","4291457A1025","☆【限】ユニツキシン点滴静注(17.5mg/5mL)",92
"1027","4291459D1020","☆【限】パドセブ点滴静注用３０ｍｇ",195
"1028","4291459D1020","☆パドセブ点滴静注用３０ｍｇ",97
"1029","4291459D2027","☆パドセブ点滴静注用２０ｍｇ",34
"1030","4291465A2026","【限】ｲｼﾞｭﾄﾞ点滴静注(300mg/15mL)",6
"1031","4291465A2026","ｲｼﾞｭﾄﾞ点滴静注(300mg/15mL)",10
"1032","4291466A1024","【限】リブタヨ点滴静注(350mg/7mL)",4
"1033","4291466A1024","リブタヨ点滴静注(350mg/7mL)",38
"1034","4291469A1028","☆【限】エプキンリ皮下注(4mg/0.8ｍL)",2
"1035","4291469A2024","☆【限】エプキンリ皮下注(48mg/0.8ｍL)",6
"1036","4291472D1026","☆トロデルビ点滴静注用２００ｍｇ",6
"1037","4291500A1023","☆【限】ダラキューロ配合皮下注（15mL）",213
"1038","4291500A1023","☆ダラキューロ配合皮下注（15mL）",27
"1039","4291501A1028","☆フェスゴ配合皮下注ＭＡ(10mL)",102
"1040","4291501A2024","☆フェスゴ配合皮下注ＩＮ(15mL)",2
"1041","4299400D3030","☆ピシバニール注(1KE)",7
"1042","4299400D4037","☆ピシバニール注(5KE)",36
"1043","4299400D5025","☆ピシバニール注(1KE)（添付溶解液なし）",1
"1044","4299400D6021","☆ピシバニール注(5KE)（添付溶解液なし）",4
"1045","4299406A1020","☆【限】ｱｷｬﾙｯｸｽ点滴静注(250mg/50mL)",4
"1046","4413400A1046","ヒベルナ注(25mg/1ml)",280
"1047","4419400A1023","ポララミン注(5mg/1ml)",8238
"1048","4490405G1024","デュピクセント皮下注シリンジ(300mg/2mL)",33
"1049","4490405G2020","デュピクセント皮下注ペン(300mg/2mL)",127
"1050","4490407G1023","【限】タクザイロ皮下注ｼﾘﾝｼﾞ(300mg/2mL)",74
"1051","4490408G1028","ミチーガ皮下注用６０ｍｇシリンジ",12
"1052","4490409G2029","【限】アドトラーザ皮下注ペン(300mg/2mL)",1
"1053","6111400D3051","ペニシリンＧｶﾘｳﾑ注(100万U)",421
"1054","6112401A2182","ｸﾘﾝﾀﾞﾏｲｼﾝﾘﾝ酸ｴｽﾃﾙ注射液｢NP｣(600mg/4mL)",1401
"1055","6113400A1120","塩酸バンコマイシン点滴静注用(0.5g)",344
"1056","6113400A1189","ﾊﾞﾝｺﾏｲｼﾝ塩酸塩点滴静注用｢MEEK｣（0.5g）",1093
"1057","6113400A1219","ﾊﾞﾝｺﾏｲｼﾝ塩酸塩点滴静注用｢明治｣（0.5g）",9205
"1058","6119400A4025","ハベカシン注（２００ｍｇ／４ｍＬ）",33
"1059","6119401D1108","テイコプラニン点滴静注用200mg",3880
"1060","6119402D1021","キュビシン静注用350mg",2169
"1061","6122400D2024","アザクタム注(1g)",19
"1062","6123401A2038","トブラシン注(60mg/1.5ml)",159
"1063","6123402A1184","アミカシン硫酸塩注射液(100mg/1mL)",600
"1064","6125400D4029","オルドレブ点滴静注用（１５０ｍｇ）",29
"1065","6129400F1020","タイガシル点滴静注用(50mg)",26
"1066","6129401D1023","【限】フェトロージャ点滴静注用（１ｇ）",5
"1067","6129500D1027","【限】レカルブリオ配合点滴静注用",24
"1068","6131400D1078","ビクシリン注射用（０．２５ｇ）",29
"1069","6131400D3100","ビクシリン注射用（１ｇ）",1879
"1070","6131403D2221","ピペラシリンＮａ注射用（２ｇ）「サワイ」",282
"1071","6132400F3192","セフォチアム塩酸塩静注用「ＮＰ」１ｇ",3357
"1072","6132401D3196","セファゾリンナトリウム注射用｢日医工｣１ｇ",4507
"1073","6132401G3079","ｾﾌｧｿﾞﾘﾝNa点滴静注用ﾊﾞｯｸﾞ｢ｵｰﾂｶ｣(1g/100mL)",21790
"1074","6132408F3130","セフメタゾールＮａ静注用「ＮＰ」(1g)",8276
"1075","6132409D2048","セフォタックス注(1g)",425
"1076","6132418F2196","セフタジジム静注用「VTRS」１ｇ",846
"1077","6132418F2196","セフタジジム静注用「マイラン」１ｇ",788
"1078","6132419F2140","ｾﾌﾄﾘｱｷｿﾝﾅﾄﾘｳﾑ静注用（１ｇ）｢日医工｣",6269
"1079","6132425D2020","マキシピーム注(1g)",599
"1080","6132425D2039","セフェピム塩酸塩静注用｢サンド｣（1ｇ）",8208
"1081","6133401F2023","フルマリン静注用（１ｇ）",2233
"1082","6134407A2071","ゲンタシン注(40mg/1ml)",459
"1083","6135400F2163","ホスミシンＳ静注用(1g)",262
"1084","6139400D2110","メロペネム点滴静注用｢明治｣0.5g",12668
"1085","6139402D2020","フィニバックス点滴静注用0.5g",2575
"1086","6139500F2179","ワイスタール配合静注用１ｇ",3215
"1087","6139501D1028","【限】チエナム点滴静注用(0.5g)",426
"1088","6139504F2088","スルバシリン静注用（１．５ｇ）",5659
"1089","6139504F3033","スルバシリン静注用（３ｇ）",13202
"1090","6139505F3020","【ICU限定】ゾシン静注用（２．２５ｇ）",17
"1091","6139505F3020","ゾシン静注用（２．２５ｇ）",2229
"1092","6139505F3100","タゾピペ配合静注用（２．２５ｇ）｢ﾆﾌﾟﾛ｣",507
"1093","6139505F4026","【ICU限定】ゾシン静注用（４．５ｇ）",60
"1094","6139505F4026","ゾシン静注用（４．５ｇ）",8544
"1095","6139505F4107","タゾピペ配合静注用（４．５ｇ）｢ﾆﾌﾟﾛ｣",1384
"1096","6139506D1020","【限】ザバクサ配合点滴静注用",36
"1097","6139506D1020","ザバクサ配合点滴静注用",72
"1098","6141400D1031","エリスロシン点滴静注用(500mg)",44
"1099","6149400D1021","ジスロマック点滴静注用５００ｍｇ",175
"1100","6152401F1146","ミノサイクリン塩酸塩点滴静注用100mg｢ｻﾜｲ｣",775
"1101","6161400D1042","【限】硫酸ストレプトマイシン注(1g)",56
"1102","6173400D2023","（毒）アムビゾーム点滴静注用（５０ｍｇ）",1263
"1103","6179400D1020","【ICU限定】ファンガード点滴用（５０ｍｇ）",39
"1104","6179400D1020","ファンガード点滴用（５０ｍｇ）",4630
"1105","6179400D1047","ミカファンギンＮａ点滴静注用(50mg)｢ﾆﾌﾟﾛ｣",636
"1106","6179400D2027","【ICU限定】ファンガード点滴用（７５ｍｇ）",81
"1107","6179400D2027","ファンガード点滴用（７５ｍｇ）",2886
"1108","6179400D2043","ミカファンギンＮａ点滴静注用(75mg)｢ﾆﾌﾟﾛ｣",97
"1109","6179401F1026","ブイフェンド静注用（２００ｍｇ）",1022
"1110","6179402D1020","カンサイダス点滴静注用(50mg)",3089
"1111","6179403A1028","【限】ノクサフィル点滴静注(300mg/16.7mL)",124
"1112","6179404D1029","【限】クレセンバ点滴静注用２００ｍｇ",13
"1113","6241400A6032","ｼﾌﾟﾛﾌﾛｷｻｼﾝ点滴静注液(400mg/200mL)｢ﾆﾌﾟﾛ｣",20
"1114","6241400A6040","ｼﾌﾟﾛﾌﾛｷｻｼﾝ点滴静注(400mg/200mL)｢明治｣",155
"1115","6241402A1021","クラビット点滴静注(５００ｍｇ／２０ｍＬ)",40
"1116","6241402A1030","レボフロキサシン点滴静注｢DSEP｣500mg/20mL",1679
"1117","6249401A1025","ザイボックス注６００ｍｇ",37
"1118","6249401A1033","リネゾリド点滴静注液｢明治｣(600mg/300mL)",285
"1119","6249402D1026","シベクトロ点滴静注用（２００ｍｇ）",65
"1120","6250401A1069","ビクロックス点滴静注(250mg/10ml)",365
"1121","6250401A1077","アシクロビル点滴静注液｢ﾄｰﾜ｣(250mg/10mL)",1371
"1122","6250402F1036","（毒）デノシン点滴静注用(500mg)",2293
"1123","6250402F1052","（毒）ｶﾞﾝｼｸﾛﾋﾞﾙ点滴静注用500mg｢VTRS｣",554
"1124","6250403A1033","（毒）ホスカビル点滴静注用(6g/250ml)",890
"1125","6250404A1020","シナジス筋注液(50mg/0.5mL)",316
"1126","6250404A2026","シナジス筋注液(100mg/1mL)",545
"1127","6250405A2039","ラピアクタ点滴静注液バッグ(300mg/60mL)",36
"1128","6250406A1029","プレバイミス点滴静注(240mg/12mL)",421
"1129","6250407D1020","【限】ﾍﾞｸﾙﾘｰ点滴静注用(100mg)（保険薬）",27
"1130","6250407D1020","ﾍﾞｸﾙﾘｰ点滴静注用(100mg)",859
"1131","62504A3D1025","【限】ﾍﾞｸﾙﾘｰ点滴静注用(100mg)凍結乾燥品（国購入品）",4
"1132","62504A4A1023","【限】ゼビュディ点滴静注液(500mg/8mL)",21
"1133","62505A1A1028","【限】エバシェルド筋注ｾｯﾄ(各150mg/1.5mL)",118
"1134","6290401A2168","ジフルカン静注液(100mg/50ml)",91
"1135","6290402A2022","プロジフ静注(200mg/2.5ml)",882
"1136","6311400A1037","ニューモバックスＮＰ注（０．５ｍｌ）",4
"1137","6311400G1021","(未保険薬)ﾆｭｰﾓﾊﾞｯｸｽNPｼﾘﾝｼﾞ(0.5mL)",5
"1138","6311400G1021","ニューモバックスＮＰシリンジ(0.5mL)",16
"1139","6311401A1023","メナクトラ筋注（０．５ｍＬ）",15
"1140","6311402A1028","メンクアッドフィ筋注（０．５ｍL）",9
"1141","631140BD3027","乾燥BCGﾜｸﾁﾝ･経皮用/1人用12mg",5
"1142","631140CD1029","アクトヒブ（１０μｇ）",49
"1143","631140EC1022","プレベナー１３水性懸濁注(0.5mL)",35
"1144","631140KG1020","バクニュバンス水性懸濁注ｼﾘﾝｼﾞ(0.5mL)",10
"1145","6313402A1073","ビームゲン注(5μg/0.25ml)",1
"1146","6313402A2070","(未保険薬)ﾋﾞｰﾑｹﾞﾝ注(10μg/0.5mL)",5
"1147","6313402A2070","ビームゲン注（１０μｇ／０．５ｍｌ）",65
"1148","6313402G1025","ﾍﾌﾟﾀﾊﾞｯｸｽ-Ⅱ水性懸濁注ｼﾘﾝｼﾞ(5μg/0.25mL)",3
"1149","6313402G2021","ﾍﾌﾟﾀﾊﾞｯｸｽ-Ⅱ水性懸濁注ｼﾘﾝｼﾞ(10μg/0.5mL)",5
"1150","631340AD1075","おたふくかぜ生ワクチン「第一三共」",17
"1151","631340BD1053","風しんワクチン「タケダ」",260
"1152","631340DD1036","麻しんワクチン「タケダ」",2
"1153","631340ED1022","水痘ワクチン「ビケン」",15
"1154","631340FA1047","インフルエンザHAﾜｸﾁﾝ｢ﾋﾞｹﾝ｣",356
"1155","631340FG1040","フルービックＨＡシリンジ(0.5mL)",52
"1156","631340GD1030","【限】(未保険薬)エイムゲン",3
"1157","631340ND1022","ジェービックＶ(日本脳炎ﾜｸﾁﾝ）",10
"1158","631340TG1020","【限】ｶﾞｰﾀﾞｼﾙ水性懸濁筋注ｼﾘﾝｼﾞ(0.5mL)",1
"1159","631341BE1028","【限】シングリックス筋注用",12
"1160","631341BE1028","シングリックス筋注用",8
"1161","631341DG1028","【限】コミナティ筋注シリンジ(12歳以上用)",2
"1162","631350AE1028","【限】アブリスボ筋注用",6
"1163","6322400X2048","(未保険薬)沈降破傷風ﾄｷｿｲﾄﾞ「生研」",4
"1164","6322400X2048","沈降破傷風ﾄｷｿｲﾄﾞ「生研」",42
"1165","6343400X3044","献血ベニロンⅠ静注用(2500mg)",55
"1166","6343400X5020","献血ベニロンＩ静注用５０００ｍｇ",1074
"1167","6343401X4100","【限】献血グロブリン注射用2500mg｢KMB｣",5
"1168","6343402X3035","献血グロベニンＩ静注用(5000mg)",271
"1169","6343407X2074","抗Ｄ人免疫ｸﾞﾛﾌﾞﾘﾝ筋注用1000倍",10
"1170","6343411X1058","フィブリノゲンＨＴ静注用(1g)｢JB」",60
"1171","6343419X1046","ハプトグロビン静注(2000単位/100mL)「JB」",144
"1172","6343424D2063","献血ノンスロン注射用（５００単位）",5
"1173","6343424D2080","ノイアート静注用（５００単位）",161
"1174","6343424D3027","献血ノンスロン注射用（１５００単位）",361
"1175","6343424D3035","ノイアート静注用（１５００単位）",317
"1176","6343426D1023","【限】ベリナート皮下注用２０００",2
"1177","6343426F1032","ベリナートＰ静注用(500倍)",23
"1178","6343427A4039","献血ポリグロビンＮ１０％静注（5g/50mL）",297
"1179","6343427A7038","ピリヴィジェン１０％静注(5g/50mL)",478
"1180","6343428A6028","献血ヴェノグロブリンIH10%静注(0.5g/5mL)",373
"1181","6343428A7024","献血ヴェノグロブリンIH10%静注(2.5g/25mL)",676
"1182","6343428A8020","献血ヴェノグロブリンIH10%静注(5g/50mL)",1855
"1183","6343428A9027","献血ヴェノグロブリンIH10%静注(10g/100mL)",1299
"1184","6343431D2020","フィブロガミンＰ静注用",71
"1185","6343433A1035","テタノブリンＩＨ静注（２５０単位）",20
"1186","6343434D8022","ノボセブンＨＩ静注用シリンジ（５ｍｇ）",18
"1187","6343436A1039","ヘブスブリン－ＩＨ静注用(1000単位/5mL)",149
"1188","6343439A1024","ハイゼントラ20％皮下注(1g/5mL)",14
"1189","6343439A3027","ハイゼントラ20％皮下注(4g/20mL)",260
"1190","6343439A5020","【限】キュービトル皮下注20%(4g/20mL)",5
"1191","6343439A6026","【限】キュービトル皮下注20%(8g/40mL)",5
"1192","6343439G3020","ハイゼントラ20％皮下注シリンジ(4g/20mL)",17
"1193","6343444D1021","【限】アコアラン静注用（６００単位）",32
"1194","6343444D2028","アコアラン静注用（１８００単位）",97
"1195","6343449D1024","ケイセントラ静注用（５００単位）",26
"1196","6343449D2020","ケイセントラ静注用（１０００単位）",51
"1197","6343451A5020","【限】ヘムライブラ皮下注(150mg/1.0mL)",122
"1198","636140AA5020","ＤＴビック(ｼﾞﾌﾃﾘｱ破傷風混合）注(0.1ml)",1
"1199","636140BA3022","【限】(未保険)トリビック（三種混合ﾜｸﾁﾝ）注（0.5ml）",3
"1200","636140DG1021","ﾃﾄﾗﾋﾞｯｸ(四種混合ﾜｸﾁﾝ)皮下注ｼﾘﾝｼﾞ(0.5mL)",44
"1201","636940CD1029","ミールビック（麻しん風しん混合）注",15
"1202","6393401X2028","精製ﾂﾍﾞﾙｸﾘﾝ(一般診断)0.25μg",67
"1203","6399402D2054","☆フェロン注射用３００万",30
"1204","6399402D2054","フェロン注射用３００万",11
"1205","6399408F4020","☆イムノマックス－γ注１００万Ｕ",389
"1206","6399411D1022","【限】イムネース注３５万Ｕ",108
"1207","6399411D1022","☆【限】イムネース注３５万Ｕ",144
"1208","6399418D1032","☆シムレクト静注用（２０ｍｇ）",48
"1209","6399418D1032","シムレクト静注用（２０ｍｇ）",66
"1210","6399419A1022","ペガシス皮下注(90μg/1ml)",2
"1211","6399419A2029","☆ペガシス皮下注(180μg/1ml)",2
"1212","6399419A2029","ペガシス皮下注(180μg/1ml)",46
"1213","6399421A1020","アクテムラ点滴静注(２００ｍｇ／１０ｍｌ)",240
"1214","6399421A2026","アクテムラ点滴静注(８０ｍｇ／４ｍＬ)",489
"1215","6399421A3022","アクテムラ点滴静注(４００ｍｇ／２０ｍＬ)",443
"1216","6399421G2029","(持参)ｱｸﾃﾑﾗ皮下注ｵｰﾄｲﾝｼﾞｪｸﾀｰ162mg/0.9mL",7
"1217","6399421G2029","アクテムラ皮下注ｵｰﾄｲﾝｼﾞｪｸﾀｰ(162mg/0.9mL)",133
"1218","6399423F1026","☆サイモグロブリン点滴静注用（２５ｍｇ）",30
"1219","6399423F1026","サイモグロブリン点滴静注用（２５ｍｇ）",52
"1220","6399424A1023","ソリリス点滴静注（３００ｍｇ／３０ｍｌ）",231
"1221","6399427A1027","ユルトミリス点滴静注(300mg/30mL)",3
"1222","6399427A2023","ユルトミリスHI点滴静注(300mg/3mL)",100
"1223","6399428G1024","【限】ｴﾝｽﾌﾟﾘﾝｸﾞ皮下注ｼﾘﾝｼﾞ(120mg/1mL)",126
"1224","6399429A1026","【限】ユプリズナ点滴静注(100mg/10mL)",8
"1225","6399430A1029","【限】ｳｨﾌｶﾞｰﾄ点滴静注(400mg/20mL)",194
"1226","6399431A1023","【限】ｴｼﾞｬｲﾓ点滴静注(1.1g/22mL)",63
"1227","6399432A1028","【限】リスティーゴ皮下注(280mg/2mL)",3
"1228","6399433A1022","【限】ピアスカイ注(340mg/2mL)",19
"1229","6399501A1020","【限】ヒフデュラ配合皮下注(5.6mL/V)",43
"1230","6419400D1037","ベナンバックス注用(300mg)",341
"1231","6419401A1027","アネメトロ点滴静注液(500mg/100ｍL)",446
"1232","6419500A1020","バクトラミン注(5ml)",672
"1233","7131400A2129","大塚蒸留水(20ml)",13458
"1234","7131400A4156","注射用水ＰＬ「フソー」(100ml)",1645
"1235","7131400A5020","注射用水(点滴用)500ml",2992
"1236","7211404X1037","リピオドール480注(10mL)",9
"1237","7219403A1038","ビリスコピン点滴静注５０(100ml)",10
"1238","7219412A9054","イオパミロン３００注(20ml)",1
"1239","7219412A9127","イオパミドール300注20mL「F」",2
"1240","7219414A3039","イソビスト注２４０(10ml)",1
"1241","7219415A4030","オムニパーク２４０注（１０ｍｌ）",2
"1242","7219417A4039","イオメロン３５０注(20ml)",33
"1243","7223400A1045","ＬＨ－ＲＨ注(0.1mg/1ml)【AD】",219
"1244","7223400A1045","ＬＨ－ＲＨ注｢ニプロ｣(0.1mg/1ml)【AD】",7
"1245","7223401A1104","ヒルトニン注(0.5mg/1ml)",54
"1246","7223402A1044","ＴＲＨ注(0.5mg/1ml)",217
"1247","7223403D1045","【限】テリパラチド酢酸塩静注用100（旭化成）",2
"1248","7223404A2031","アルギニン点滴静注(30g/300mL)",141
"1249","7223406D1049","ヒトＣＲＨ静注用(100μg)｢ﾆﾌﾟﾛ｣【AD】",6
"1250","7223406D1049","ヒトＣＲＨ静注用(100μg)【AD】",70
"1251","7223407D1027","ＧＨＲＰ注（１００μｇ）【AD】",131
"1252","7224400A1034","ジアグノグリーン注射用（２５ｍｇ）",210
"1253","7225400A1058","インジゴカルミン注｢AFP｣(20mg/5mL)",12
"1254","7229401A1035","アンチレクス静注(10mg/1ml)",18
"1255","7229402D1036","グルカゴンＧノボ注射用（１ｍｇ）",436
"1256","7290404A2026","レギチーン注射液(5mg/1mL)",17
"1257","7290414D1038","ソナゾイド注射用（１６μｌ）",150
"1258","7990403E1025","タイロゲン筋注用（０．９ｍｇ）",72
"1259","8114401A1120","(麻)モルヒネ塩酸塩注射液(10mg/1mL)【AD】",827
"1260","8114401A1120","☆モルヒネ塩酸塩注射液(10mg/1mL)【AD】",124
"1261","8114401A2089","(麻)アンペック注(50mg/5ml)【AD】",547
"1262","8114401A2089","☆アンペック注(50mg/5ml)【AD】",65
"1263","8119400A1025","(麻)オキファスト注(10mg/1mL)【AD】",531
"1264","8119400A1025","☆オキファスト注(10mg/1mL)【AD】",129
"1265","8119400A2021","(麻)オキファスト注(50mg/5mL)【AD】",291
"1266","8119401A1020","(麻)ナルベイン注(2mg/1mL)【AD】",221
"1267","8119401A1020","☆ナルベイン注(2mg/1mL)【AD】",192
"1268","8211400A2045","(麻)ﾍﾟﾁｼﾞﾝ塩酸塩注射液(50mg/1mL)ﾀｹﾀﾞ【AD】",780
"1269","8211400A2045","☆ﾍﾟﾁｼﾞﾝ塩酸塩注射液(50mg/1mL)ﾀｹﾀﾞ【AD】",357
"1270","8219400A1071","(麻)フェンタニル注(0.1mg/2mL)【AD】",9771
"1271","8219400A1071","☆フェンタニル注(0.1mg/2mL)【AD】",2371
"1272","8219400A2060","(麻)フェンタニル注(0.25mg/5ml)【AD】",23
"1273","8219400A2060","【E1･ICU限定】(麻)フェンタニル注(0.25mg/5ml)【AD】",44
"1274","8219400A3031","(麻)フェンタニル注(0.5mg/10ml)【AD】",7320
"1275","8219400A3031","☆フェンタニル注(0.5mg/10ml)【AD】",3509
"1276","8219401D1030","(麻)レミフェンタニル静注用2mg｢第一三共｣【AD】",7819
"1277","8219401D1030","☆レミフェンタニル静注用2mg｢第一三共｣【AD】",663
